epoch,loss,accuracy
0,5.62455,0.0078125
1,4.91147,0.015625
2,4.38771,0.0546875
3,3.93549,0.152344
4,3.65095,0.191406
5,3.47698,0.195312
6,3.35845,0.191406
7,3.26942,0.179688
8,3.19034,0.199219
9,3.10656,0.195312
10,2.9957,0.207031
11,2.86948,0.242188
12,2.75012,0.25
13,2.66118,0.257812
14,2.58549,0.277344
15,2.52701,0.265625
16,2.47896,0.273438
17,2.43756,0.28125
18,2.40081,0.289062
19,2.36971,0.308594
20,2.33916,0.304688
21,2.31293,0.320312
22,2.30294,0.292969
23,2.25754,0.304688
24,2.22947,0.34375
25,2.20249,0.328125
26,2.17979,0.335938
27,2.15977,0.335938
28,2.13356,0.347656
29,2.11246,0.371094
30,2.09404,0.375
31,2.07055,0.394531
32,2.0556,0.402344
33,2.02619,0.40625
34,2.01064,0.425781
35,1.98531,0.410156
36,1.96345,0.429688
37,1.96231,0.414062
38,1.92763,0.449219
39,1.90946,0.433594
40,1.88999,0.414062
41,1.87389,0.433594
42,1.85192,0.414062
43,1.8327,0.410156
44,1.81018,0.40625
45,1.79891,0.425781
46,1.80684,0.417969
47,1.77459,0.410156
48,1.7508,0.414062
49,1.74036,0.425781
50,1.71898,0.414062
51,1.70885,0.449219
52,1.69439,0.429688
53,1.67551,0.425781
54,1.67087,0.429688
55,1.6438,0.460938
56,1.64423,0.464844
57,1.62843,0.457031
58,1.61326,0.476562
59,1.59448,0.46875
60,1.58262,0.5
61,1.57463,0.492188
62,1.56574,0.496094
63,1.55707,0.5
64,1.56974,0.492188
65,1.52978,0.488281
66,1.52021,0.515625
67,1.50433,0.523438
68,1.50819,0.523438
69,1.48792,0.546875
70,1.47833,0.53125
71,1.46957,0.539062
72,1.46454,0.523438
73,1.45574,0.535156
74,1.43709,0.550781
75,1.43088,0.546875
76,1.42335,0.546875
77,1.42672,0.558594
78,1.41354,0.554688
79,1.4044,0.558594
80,1.39676,0.578125
81,1.39076,0.574219
82,1.37357,0.574219
83,1.36605,0.582031
84,1.34839,0.574219
85,1.33913,0.578125
86,1.33227,0.589844
87,1.32131,0.582031
88,1.3181,0.578125
89,1.3247,0.59375
90,1.29672,0.585938
91,1.28772,0.585938
92,1.2902,0.59375
93,1.27096,0.613281
94,1.27347,0.597656
95,1.26181,0.601562
96,1.2499,0.617188
97,1.23553,0.613281
98,1.22963,0.617188
99,1.2166,0.625
100,1.22137,0.625
101,1.22543,0.625
102,1.18579,0.636719
103,1.18971,0.652344
104,1.17546,0.628906
105,1.18745,0.632812
106,1.15936,0.648438
107,1.14374,0.667969
108,1.1496,0.648438
109,1.15042,0.636719
110,1.12844,0.671875
111,1.11453,0.664062
112,1.13841,0.671875
113,1.13181,0.667969
114,1.09812,0.664062
115,1.08897,0.660156
116,1.08673,0.660156
117,1.0748,0.671875
118,1.07976,0.65625
119,1.06653,0.667969
120,1.05702,0.699219
121,1.05079,0.695312
122,1.03741,0.695312
123,1.02709,0.703125
124,1.01806,0.703125
125,1.02016,0.722656
126,1.02053,0.710938
127,1.00085,0.730469
128,0.988747,0.722656
129,0.98624,0.730469
130,1.00999,0.734375
131,0.979652,0.726562
132,0.974938,0.71875
133,0.962601,0.726562
134,0.956516,0.742188
135,0.940589,0.730469
136,0.95613,0.746094
137,0.932577,0.75
138,0.937707,0.746094
139,0.92512,0.742188
140,0.921833,0.738281
141,0.907012,0.757812
142,0.913363,0.757812
143,0.900734,0.738281
144,0.899983,0.757812
145,0.895509,0.769531
146,0.891167,0.753906
147,0.881139,0.757812
148,0.883339,0.769531
149,0.867225,0.769531
150,0.860555,0.75
151,0.85507,0.785156
152,0.855294,0.753906
153,0.842371,0.769531
154,0.836197,0.785156
155,0.834737,0.769531
156,0.835493,0.773438
157,0.822816,0.789062
158,0.818422,0.777344
159,0.823177,0.789062
160,0.807274,0.773438
161,0.807896,0.792969
162,0.799298,0.777344
163,0.792918,0.785156
164,0.78913,0.785156
165,0.787004,0.78125
166,0.779404,0.78125
167,0.778451,0.777344
168,0.768218,0.796875
169,0.76633,0.789062
170,0.765153,0.792969
171,0.75681,0.792969
172,0.762267,0.785156
173,0.748752,0.785156
174,0.741177,0.789062
175,0.738781,0.785156
176,0.734263,0.792969
177,0.724774,0.796875
178,0.724572,0.796875
179,0.717182,0.789062
180,0.715941,0.789062
181,0.704751,0.792969
182,0.70364,0.792969
183,0.695905,0.796875
184,0.694632,0.789062
185,0.688269,0.800781
186,0.685665,0.796875
187,0.68732,0.800781
188,0.665312,0.792969
189,0.665916,0.785156
190,0.659754,0.804688
191,0.65401,0.800781
192,0.649074,0.804688
193,0.638972,0.800781
194,0.634169,0.785156
195,0.628073,0.800781
196,0.628504,0.804688
197,0.6218,0.8125
198,0.611286,0.808594
199,0.604107,0.808594
200,0.600965,0.8125
201,0.609957,0.816406
202,0.59615,0.8125
203,0.58839,0.820312
204,0.583518,0.835938
205,0.578393,0.832031
206,0.570048,0.832031
207,0.567154,0.855469
208,0.559679,0.847656
209,0.555141,0.878906
210,0.549676,0.878906
211,0.564948,0.859375
212,0.538436,0.894531
213,0.53446,0.878906
214,0.53166,0.902344
215,0.524348,0.898438
216,0.519658,0.921875
217,0.51798,0.910156
218,0.511029,0.933594
219,0.505812,0.917969
220,0.515664,0.921875
221,0.497017,0.9375
222,0.494376,0.925781
223,0.488471,0.9375
224,0.484165,0.9375
225,0.479224,0.941406
226,0.47526,0.9375
227,0.472507,0.941406
228,0.467051,0.945312
229,0.463169,0.945312
230,0.460466,0.949219
231,0.45593,0.941406
232,0.451335,0.945312
233,0.450061,0.945312
234,0.443666,0.949219
235,0.438905,0.953125
236,0.43884,0.953125
237,0.435031,0.957031
238,0.42862,0.949219
239,0.425748,0.957031
240,0.425115,0.953125
241,0.418276,0.953125
242,0.419788,0.953125
243,0.413469,0.960938
244,0.410433,0.964844
245,0.403355,0.96875
246,0.399432,0.96875
247,0.401256,0.976562
248,0.39455,0.972656
249,0.390877,0.988281
250,0.39218,0.976562
251,0.384,0.972656
252,0.383528,0.984375
253,0.380721,0.992188
254,0.376246,0.992188
255,0.374798,0.996094
256,0.370872,0.992188
257,0.366889,1
258,0.364589,1
259,0.361393,0.988281
260,0.357592,1
261,0.357086,0.996094
262,0.353547,0.996094
263,0.349272,1
264,0.347245,1
265,0.342831,1
266,0.3444,1
267,0.339808,1
268,0.342306,1
269,0.335884,1
270,0.331955,1
271,0.329445,1
272,0.325561,1
273,0.325009,1
274,0.323743,1
275,0.319297,1
276,0.31952,1
277,0.315043,1
278,0.312272,1
279,0.310475,1
280,0.308541,1
281,0.307156,1
282,0.304692,1
283,0.304366,1
284,0.302092,1
285,0.303109,1
286,0.296806,1
287,0.296564,1
288,0.292647,1
289,0.291104,1
290,0.287953,1
291,0.287637,1
292,0.285972,1
293,0.282152,1
294,0.282721,1
295,0.278755,1
296,0.278227,1
297,0.276073,1
298,0.27606,1
299,0.273215,1
300,0.27395,1
301,0.269511,1
302,0.272136,1
303,0.269379,1
304,0.266137,1
305,0.264206,1
306,0.262933,1
307,0.260742,1
308,0.265176,1
309,0.259359,1
310,0.257293,1
311,0.257892,1
312,0.253997,1
313,0.252203,1
314,0.250417,1
315,0.249821,1
316,0.249299,1
317,0.247964,1
318,0.24629,1
319,0.243805,1
320,0.242955,1
321,0.250002,0.996094
322,0.240789,1
323,0.239113,1
324,0.238235,1
325,0.237077,1
326,0.235555,1
327,0.234918,1
328,0.23306,1
329,0.232087,1
330,0.233133,1
331,0.230229,1
332,0.228958,1
333,0.230032,1
334,0.226879,1
335,0.22592,1
336,0.224362,1
337,0.224417,1
338,0.223322,1
339,0.221876,1
340,0.220478,1
341,0.219427,1
342,0.221225,1
343,0.217796,1
344,0.217149,1
345,0.215187,1
346,0.215054,1
347,0.214366,1
348,0.212628,1
349,0.213906,1
350,0.2116,1
351,0.211579,1
352,0.211421,1
353,0.211153,1
354,0.207906,1
355,0.208325,1
356,0.212118,1
357,0.205913,1
358,0.204573,1
359,0.204109,1
360,0.202271,1
361,0.202081,1
362,0.201878,1
363,0.200067,1
364,0.200678,1
365,0.199882,1
366,0.199887,1
367,0.198374,1
368,0.19919,1
369,0.195453,1
370,0.196434,1
371,0.195442,1
372,0.193773,1
373,0.194247,1
374,0.192377,1
375,0.191143,1
376,0.193468,1
377,0.190014,1
378,0.190189,1
379,0.189839,1
380,0.188228,1
381,0.187541,1
382,0.186759,1
383,0.186114,1
384,0.186209,1
385,0.18643,1
386,0.183878,1
387,0.18459,1
388,0.182811,1
389,0.182685,1
390,0.182044,1
391,0.184759,1
392,0.180699,1
393,0.18104,1
394,0.180952,1
395,0.179413,1
396,0.178473,1
397,0.177315,1
398,0.179961,1
399,0.176782,1
400,0.17725,1
401,0.175781,1
402,0.174968,1
403,0.183161,1
404,0.17391,1
405,0.173221,1
406,0.173655,1
407,0.173738,1
408,0.171562,1
409,0.171441,1
410,0.17072,1
411,0.169946,1
412,0.169344,1
413,0.169001,1
414,0.169413,1
415,0.168823,1
416,0.167822,1
417,0.171467,1
418,0.166744,1
419,0.166174,1
420,0.16598,1
421,0.165589,1
422,0.16482,1
423,0.164703,1
424,0.163817,1
425,0.164993,1
426,0.162923,1
427,0.163354,1
428,0.162688,1
429,0.162365,1
430,0.161599,1
431,0.161199,1
432,0.160499,1
433,0.159621,1
434,0.160594,1
435,0.159371,1
436,0.158434,1
437,0.158015,1
438,0.157634,1
439,0.15869,1
440,0.157762,1
441,0.156716,1
442,0.155862,1
443,0.156089,1
444,0.155267,1
445,0.155103,1
446,0.154332,1
447,0.154347,1
448,0.154448,1
449,0.15358,1
450,0.15505,1
451,0.153098,1
452,0.152338,1
453,0.153404,1
454,0.15178,1
455,0.151332,1
456,0.151027,1
457,0.15032,1
458,0.150849,1
459,0.14928,1
460,0.149217,1
461,0.149164,1
462,0.149718,1
463,0.148515,1
464,0.148169,1
465,0.148212,1
466,0.148218,1
467,0.146961,1
468,0.147251,1
469,0.146403,1
470,0.145791,1
471,0.145656,1
472,0.146609,1
473,0.145279,1
474,0.145154,1
475,0.145066,1
476,0.144472,1
477,0.145367,1
478,0.143704,1
479,0.142905,1
480,0.142826,1
481,0.142467,1
482,0.142114,1
483,0.141661,1
484,0.142781,1
485,0.142115,1
486,0.140922,1
487,0.141146,1
488,0.140639,1
489,0.140827,1
490,0.14242,1
491,0.139561,1
492,0.139748,1
493,0.139997,1
494,0.139165,1
495,0.139327,1
496,0.138097,1
497,0.138004,1
498,0.138248,1
499,0.137741,1
500,0.137512,1
501,0.137273,1
502,0.136277,1
503,0.13716,1
504,0.13585,1
505,0.136819,1
506,0.135704,1
507,0.135337,1
508,0.134782,1
509,0.135055,1
510,0.134631,1
511,0.134001,1
512,0.134375,1
513,0.133524,1
514,0.133349,1
515,0.133276,1
516,0.132773,1
517,0.132977,1
518,0.132544,1
519,0.13267,1
520,0.132071,1
521,0.132015,1
522,0.134012,1
523,0.131444,1
524,0.13134,1
525,0.130849,1
526,0.130619,1
527,0.130198,1
528,0.130845,1
529,0.129682,1
530,0.129902,1
531,0.129707,1
532,0.130692,1
533,0.128836,1
534,0.128531,1
535,0.128922,1
536,0.128244,1
537,0.128545,1
538,0.127912,1
539,0.127761,1
540,0.127312,1
541,0.12784,1
542,0.127237,1
543,0.128369,1
544,0.127114,1
545,0.127322,1
546,0.12619,1
547,0.126149,1
548,0.128053,1
549,0.125695,1
550,0.125795,1
551,0.126582,1
552,0.125172,1
553,0.124803,1
554,0.124599,1
555,0.124191,1
556,0.124678,1
557,0.1244,1
558,0.124638,1
559,0.123701,1
560,0.12352,1
561,0.12328,1
562,0.123555,1
563,0.123642,1
564,0.122834,1
565,0.122605,1
566,0.122078,1
567,0.122082,1
568,0.122622,1
569,0.121756,1
570,0.121506,1
571,0.121222,1
572,0.121786,1
573,0.121555,1
574,0.12108,1
575,0.120959,1
576,0.120418,1
577,0.120605,1
578,0.120157,1
579,0.120037,1
580,0.119895,1
581,0.119537,1
582,0.119539,1
583,0.119626,1
584,0.119963,1
585,0.119139,1
586,0.118838,1
587,0.118788,1
588,0.11885,1
589,0.118336,1
590,0.117944,1
591,0.118211,1
592,0.117691,1
593,0.118029,1
594,0.117476,1
595,0.117198,1
596,0.117292,1
597,0.117115,1
598,0.116975,1
599,0.11666,1
600,0.116451,1
601,0.11626,1
602,0.116256,1
603,0.116073,1
604,0.116709,1
605,0.115795,1
606,0.115918,1
607,0.115297,1
608,0.115564,1
609,0.115207,1
610,0.114864,1
611,0.115145,1
612,0.114704,1
613,0.114511,1
614,0.114614,1
615,0.114333,1
616,0.114597,1
617,0.113845,1
618,0.115015,1
619,0.114656,1
620,0.113634,1
621,0.113597,1
622,0.113589,1
623,0.114457,1
624,0.113467,1
625,0.112969,1
626,0.113146,1
627,0.112837,1
628,0.112568,1
629,0.112553,1
630,0.114463,1
631,0.112183,1
632,0.111865,1
633,0.111766,1
634,0.1118,1
635,0.111559,1
636,0.111682,1
637,0.111282,1
638,0.11106,1
639,0.111637,1
640,0.110971,1
641,0.110712,1
642,0.110687,1
643,0.110407,1
644,0.110368,1
645,0.110471,1
646,0.10993,1
647,0.109777,1
648,0.110104,1
649,0.110086,1
650,0.110094,1
651,0.1097,1
652,0.109369,1
653,0.109487,1
654,0.109236,1
655,0.10914,1
656,0.108785,1
657,0.10947,1
658,0.108871,1
659,0.108424,1
660,0.109015,1
661,0.10851,1
662,0.10871,1
663,0.107999,1
664,0.108455,1
665,0.107766,1
666,0.107956,1
667,0.10775,1
668,0.107687,1
669,0.107308,1
670,0.107391,1
671,0.107078,1
672,0.107497,1
673,0.107456,1
674,0.107674,1
675,0.106662,1
676,0.106417,1
677,0.107065,1
678,0.106672,1
679,0.106126,1
680,0.106333,1
681,0.106551,1
682,0.106124,1
683,0.105921,1
684,0.106004,1
685,0.105534,1
686,0.105769,1
687,0.105762,1
688,0.106045,1
689,0.105234,1
690,0.105216,1
691,0.104893,1
692,0.104827,1
693,0.105326,1
694,0.104535,1
695,0.104629,1
696,0.10469,1
697,0.104715,1
698,0.10441,1
699,0.104094,1
700,0.104321,1
701,0.10436,1
702,0.103868,1
703,0.103801,1
704,0.103717,1
705,0.104411,1
706,0.103935,1
707,0.103455,1
708,0.103672,1
709,0.103483,1
710,0.103225,1
711,0.103759,1
712,0.102967,1
713,0.103095,1
714,0.103127,1
715,0.103036,1
716,0.103123,1
717,0.102397,1
718,0.102808,1
719,0.102351,1
720,0.102095,1
721,0.10246,1
722,0.102098,1
723,0.10285,1
724,0.102356,1
725,0.101848,1
726,0.101726,1
727,0.101524,1
728,0.101799,1
729,0.101607,1
730,0.102094,1
731,0.101534,1
732,0.101073,1
733,0.101235,1
734,0.101067,1
735,0.100876,1
736,0.100952,1
737,0.100861,1
738,0.101034,1
739,0.100674,1
740,0.100604,1
741,0.100361,1
742,0.101064,1
743,0.100256,1
744,0.100143,1
745,0.100112,1
746,0.0998121,1
747,0.0998517,1
748,0.100192,1
749,0.0996736,1
750,0.0997149,1
751,0.0999351,1
752,0.0995098,1
753,0.0994339,1
754,0.100091,1
755,0.0994189,1
756,0.099667,1
757,0.0992773,1
758,0.099089,1
759,0.0989166,1
760,0.0989509,1
761,0.0990608,1
762,0.0994512,1
763,0.0989957,1
764,0.0993051,1
765,0.0985657,1
766,0.0984926,1
767,0.0985065,1
768,0.0990488,1
769,0.0981925,1
770,0.0991968,1
771,0.0979406,1
772,0.0978721,1
773,0.098085,1
774,0.0977302,1
775,0.0980453,1
776,0.0979472,1
777,0.0978299,1
778,0.0979072,1
779,0.0977227,1
780,0.0975511,1
781,0.0973747,1
782,0.0983661,1
783,0.0974234,1
784,0.0977479,1
785,0.0978183,1
786,0.0970226,1
787,0.0970616,1
788,0.0967538,1
789,0.0968129,1
790,0.096874,1
791,0.0965311,1
792,0.0965322,1
793,0.0966694,1
794,0.0963707,1
795,0.0966041,1
796,0.0976641,1
797,0.0962082,1
798,0.0968959,1
799,0.0962544,1
800,0.0964926,1
801,0.095847,1
802,0.0958869,1
803,0.0960007,1
804,0.0957862,1
805,0.0956923,1
806,0.0957561,1
807,0.0958314,1
808,0.0954198,1
809,0.0957088,1
810,0.0959734,1
811,0.0955029,1
812,0.0958549,1
813,0.0953121,1
814,0.0951159,1
815,0.0949015,1
816,0.0951487,1
817,0.0948635,1
818,0.094943,1
819,0.0946342,1
820,0.0949111,1
821,0.0950857,1
822,0.0946875,1
823,0.0946895,1
824,0.0945541,1
825,0.0950581,1
826,0.0942242,1
827,0.0944592,1
828,0.094719,1
829,0.0941893,1
830,0.0939574,1
831,0.0942708,1
832,0.0939647,1
833,0.0943687,1
834,0.0943736,1
835,0.0937244,1
836,0.0938065,1
837,0.0939879,1
838,0.0942521,1
839,0.0936457,1
840,0.0935462,1
841,0.0934596,1
842,0.0934181,1
843,0.0935083,1
844,0.0930756,1
845,0.0931782,1
846,0.093502,1
847,0.0930321,1
848,0.0931071,1
849,0.0931348,1
850,0.0932928,1
851,0.0934705,1
852,0.0927926,1
853,0.0926128,1
854,0.0924939,1
855,0.0926614,1
856,0.0924131,1
857,0.0928898,1
858,0.0924962,1
859,0.0924257,1
860,0.0932531,1
861,0.0923698,1
862,0.092335,1
863,0.0923069,1
864,0.0921738,1
865,0.0927625,1
866,0.0920718,1
867,0.0925503,1
868,0.0918002,1
869,0.0919443,1
870,0.0923103,1
871,0.09173,1
872,0.0916047,1
873,0.0916085,1
874,0.0916492,1
875,0.0915987,1
876,0.0914384,1
877,0.0920004,1
878,0.0915381,1
879,0.0911728,1
880,0.0913036,1
881,0.0913601,1
882,0.0912104,1
883,0.0916995,1
884,0.0912818,1
885,0.0909933,1
886,0.0907908,1
887,0.0906742,1
888,0.0910805,1
889,0.0913143,1
890,0.0911382,1
891,0.0907047,1
892,0.0908681,1
893,0.090509,1
894,0.0904872,1
895,0.0909898,1
896,0.0903078,1
897,0.0910964,1
898,0.09036,1
899,0.0906552,1
900,0.0903426,1
901,0.0905828,1
902,0.0902435,1
903,0.0903093,1
904,0.0900217,1
905,0.0904579,1
906,0.0902365,1
907,0.0897706,1
908,0.0899477,1
909,0.0897225,1
910,0.0900329,1
911,0.0896948,1
912,0.0895925,1
913,0.0899332,1
914,0.0896123,1
915,0.0894318,1
916,0.0894011,1
917,0.0897655,1
918,0.0898259,1
919,0.0893603,1
920,0.089418,1
921,0.0896646,1
922,0.0891413,1
923,0.0892442,1
924,0.0892404,1
925,0.0892405,1
926,0.0890343,1
927,0.0890976,1
928,0.0888877,1
929,0.0887595,1
930,0.0888192,1
931,0.0889081,1
932,0.0891402,1
933,0.0888993,1
934,0.0890612,1
935,0.0885303,1
936,0.0886348,1
937,0.0886128,1
938,0.0885627,1
939,0.0888022,1
940,0.0889108,1
941,0.0884268,1
942,0.0887833,1
943,0.0881314,1
944,0.0880467,1
945,0.088406,1
946,0.0889019,1
947,0.0881573,1
948,0.0880789,1
949,0.0879142,1
950,0.088258,1
951,0.0879865,1
952,0.0879202,1
953,0.0880521,1
954,0.0877795,1
955,0.0878393,1
956,0.0877703,1
957,0.0876513,1
958,0.0878114,1
959,0.0880648,1
960,0.0878104,1
961,0.0878383,1
962,0.0875406,1
963,0.087713,1
964,0.0874592,1
965,0.0871803,1
966,0.0873212,1
967,0.0872107,1
968,0.0874558,1
969,0.0871073,1
970,0.087429,1
971,0.0870231,1
972,0.0872375,1
973,0.0869757,1
974,0.0875682,1
975,0.0872027,1
976,0.0867712,1
977,0.0867399,1
978,0.0867632,1
979,0.0868896,1
980,0.086858,1
981,0.0867168,1
982,0.0868151,1
983,0.0868207,1
984,0.0867088,1
985,0.0865481,1
986,0.0866319,1
987,0.0868973,1
988,0.0864598,1
989,0.0864911,1
990,0.0865843,1
991,0.0864641,1
992,0.0866565,1
993,0.0864584,1
994,0.0862542,1
995,0.0862031,1
996,0.0860478,1
997,0.0860302,1
998,0.0860778,1
999,0.0861849,1
1000,0.0867699,1
1001,0.0861111,1
1002,0.0861798,1
1003,0.0865287,1
1004,0.0859816,1
1005,0.0867476,1
1006,0.0860946,1
1007,0.0856158,1
1008,0.0860203,1
1009,0.0857994,1
1010,0.0860732,1
1011,0.0854718,1
1012,0.08634,1
1013,0.0855631,1
1014,0.0855534,1
1015,0.0854611,1
1016,0.0855028,1
1017,0.0854769,1
1018,0.0855928,1
1019,0.0855783,1
1020,0.0856356,1
1021,0.0855362,1
1022,0.0852636,1
1023,0.0850736,1
1024,0.0851667,1
1025,0.0849635,1
1026,0.0851547,1
1027,0.0849093,1
1028,0.0854661,1
1029,0.0851843,1
1030,0.0853936,1
1031,0.0847352,1
1032,0.0851694,1
1033,0.0848471,1
1034,0.084825,1
1035,0.0847412,1
1036,0.0853353,1
1037,0.0848675,1
1038,0.0848547,1
1039,0.0851924,1
1040,0.0844932,1
1041,0.0849703,1
1042,0.0850182,1
1043,0.0846435,1
1044,0.0846254,1
1045,0.0845545,1
1046,0.0842891,1
1047,0.084219,1
1048,0.0843784,1
1049,0.0842545,1
1050,0.0856899,1
1051,0.0846869,1
1052,0.0841249,1
1053,0.0842401,1
1054,0.0841779,1
1055,0.0841859,1
1056,0.0843208,1
1057,0.0846322,1
1058,0.0841176,1
1059,0.0841367,1
1060,0.0838578,1
1061,0.0839175,1
1062,0.0841139,1
1063,0.0841917,1
1064,0.0856743,1
1065,0.0837644,1
1066,0.0840021,1
1067,0.0838142,1
1068,0.0850622,1
1069,0.0840301,1
1070,0.0837561,1
1071,0.083504,1
1072,0.083678,1
1073,0.0835071,1
1074,0.0834977,1
1075,0.0834548,1
1076,0.0835323,1
1077,0.0837666,1
1078,0.0840492,1
1079,0.0832383,1
1080,0.0834729,1
1081,0.0837785,1
1082,0.0831274,1
1083,0.0833436,1
1084,0.0830332,1
1085,0.0832,1
1086,0.0831814,1
1087,0.0830516,1
1088,0.0843839,1
1089,0.0832037,1
1090,0.0830266,1
1091,0.083113,1
1092,0.0834531,1
1093,0.0831914,1
1094,0.0830244,1
1095,0.0828442,1
1096,0.0828705,1
1097,0.0827715,1
1098,0.0831897,1
1099,0.0826477,1
1100,0.0826117,1
1101,0.0827847,1
1102,0.0827976,1
1103,0.0831418,1
1104,0.0828035,1
1105,0.0826901,1
1106,0.0826659,1
1107,0.083095,1
1108,0.08259,1
1109,0.0824386,1
1110,0.0824846,1
1111,0.0824636,1
1112,0.0826071,1
1113,0.0824837,1
1114,0.0827808,1
1115,0.0825096,1
1116,0.0824748,1
1117,0.082683,1
1118,0.0823058,1
1119,0.0826319,1
1120,0.0821371,1
1121,0.0822859,1
1122,0.0822304,1
1123,0.0820883,1
1124,0.081984,1
1125,0.0820334,1
1126,0.0825122,1
1127,0.0820228,1
1128,0.0818578,1
1129,0.0830144,1
1130,0.0818899,1
1131,0.0821896,1
1132,0.0830823,1
1133,0.0817681,1
1134,0.0819767,1
1135,0.0823318,1
1136,0.081806,1
1137,0.0823912,1
1138,0.081641,1
1139,0.0816723,1
1140,0.0815635,1
1141,0.0818263,1
1142,0.0818458,1
1143,0.0813866,1
1144,0.0814821,1
1145,0.0815671,1
1146,0.081408,1
1147,0.0816311,1
1148,0.0822039,1
1149,0.0816778,1
1150,0.0815394,1
1151,0.0821014,1
1152,0.0814016,1
1153,0.081285,1
1154,0.0813395,1
1155,0.081244,1
1156,0.0812927,1
1157,0.0811533,1
1158,0.0810357,1
1159,0.0810162,1
1160,0.0810422,1
1161,0.0813913,1
1162,0.0812517,1
1163,0.0811345,1
1164,0.0808429,1
1165,0.0808073,1
1166,0.0810813,1
1167,0.0807956,1
1168,0.0812327,1
1169,0.0807998,1
1170,0.081084,1
1171,0.0808445,1
1172,0.0807089,1
1173,0.0806918,1
1174,0.0806477,1
1175,0.0808022,1
1176,0.0805746,1
1177,0.0806694,1
1178,0.0807621,1
1179,0.0809085,1
1180,0.080732,1
1181,0.0806663,1
1182,0.0806594,1
1183,0.0805217,1
1184,0.0808326,1
1185,0.0806586,1
1186,0.0804927,1
1187,0.0805165,1
1188,0.0805721,1
1189,0.0802429,1
1190,0.0805275,1
1191,0.0802979,1
1192,0.0804225,1
1193,0.0804808,1
1194,0.0801396,1
1195,0.08034,1
1196,0.0804298,1
1197,0.0801447,1
1198,0.0803667,1
1199,0.0800893,1
1200,0.0805821,1
1201,0.0801542,1
1202,0.0802766,1
1203,0.0799365,1
1204,0.0799263,1
1205,0.0800932,1
1206,0.0799693,1
1207,0.0801713,1
1208,0.0798891,1
1209,0.0800623,1
1210,0.0799129,1
1211,0.0797654,1
1212,0.0798246,1
1213,0.0798086,1
1214,0.0798241,1
1215,0.0799036,1
1216,0.0799311,1
1217,0.0798668,1
1218,0.0796693,1
1219,0.0798101,1
1220,0.0799916,1
1221,0.0799389,1
1222,0.0796076,1
1223,0.0798726,1
1224,0.0795807,1
1225,0.079508,1
1226,0.0797953,1
1227,0.0794365,1
1228,0.0797198,1
1229,0.0794427,1
1230,0.079525,1
1231,0.0795361,1
1232,0.0795256,1
1233,0.0794443,1
1234,0.0792162,1
1235,0.0792906,1
1236,0.0792909,1
1237,0.0794932,1
1238,0.0794469,1
1239,0.0801763,1
1240,0.0793452,1
1241,0.0791303,1
1242,0.0791631,1
1243,0.0791503,1
1244,0.079094,1
1245,0.079047,1
1246,0.0793089,1
1247,0.0792811,1
1248,0.080213,1
1249,0.0792459,1
1250,0.0791952,1
1251,0.07908,1
1252,0.0789345,1
1253,0.079,1
1254,0.0790044,1
1255,0.0790113,1
1256,0.0789217,1
1257,0.0789407,1
1258,0.0790029,1
1259,0.0788408,1
1260,0.0788289,1
1261,0.0787702,1
1262,0.0787062,1
1263,0.0787951,1
1264,0.0788391,1
1265,0.0787404,1
1266,0.0790327,1
1267,0.0786185,1
1268,0.0787897,1
1269,0.0787039,1
1270,0.0786097,1
1271,0.078658,1
1272,0.0786998,1
1273,0.0785401,1
1274,0.0787082,1
1275,0.0785264,1
1276,0.078538,1
1277,0.0787232,1
1278,0.0785403,1
1279,0.0783116,1
1280,0.0784459,1
1281,0.0785688,1
1282,0.0788773,1
1283,0.078361,1
1284,0.0784234,1
1285,0.0789971,1
1286,0.0784919,1
1287,0.0782925,1
1288,0.079125,1
1289,0.0782908,1
1290,0.0782131,1
1291,0.0782367,1
1292,0.0781174,1
1293,0.0782188,1
1294,0.0780902,1
1295,0.0784085,1
1296,0.0788846,1
1297,0.0782125,1
1298,0.0782154,1
1299,0.0781202,1
1300,0.0780581,1
1301,0.0780624,1
1302,0.078286,1
1303,0.0785597,1
1304,0.0779576,1
1305,0.077993,1
1306,0.0779879,1
1307,0.0781199,1
1308,0.0779876,1
1309,0.0780303,1
1310,0.0782597,1
1311,0.0783663,1
1312,0.0778647,1
1313,0.0778958,1
1314,0.077941,1
1315,0.0780056,1
1316,0.0777187,1
1317,0.0778268,1
1318,0.0776119,1
1319,0.0777678,1
1320,0.07786,1
1321,0.0785258,1
1322,0.0775414,1
1323,0.0777554,1
1324,0.077597,1
1325,0.0775965,1
1326,0.0774641,1
1327,0.0788506,1
1328,0.0775084,1
1329,0.0774162,1
1330,0.0775056,1
1331,0.0775947,1
1332,0.0773891,1
1333,0.0774469,1
1334,0.0773821,1
1335,0.0776176,1
1336,0.0772942,1
1337,0.0773114,1
1338,0.0774719,1
1339,0.0772582,1
1340,0.0774009,1
1341,0.0773025,1
1342,0.0773051,1
1343,0.0775807,1
1344,0.077434,1
1345,0.0777318,1
1346,0.077153,1
1347,0.0773353,1
1348,0.0772323,1
1349,0.0773116,1
1350,0.0771646,1
1351,0.0771415,1
1352,0.0771514,1
1353,0.077236,1
1354,0.077058,1
1355,0.077055,1
1356,0.0769912,1
1357,0.0770978,1
1358,0.0769736,1
1359,0.0769559,1
1360,0.0773633,1
1361,0.077049,1
1362,0.0768145,1
1363,0.0771465,1
1364,0.076971,1
1365,0.0769158,1
1366,0.0769185,1
1367,0.0769552,1
1368,0.0768248,1
1369,0.076999,1
1370,0.0768507,1
1371,0.0769455,1
1372,0.0770932,1
1373,0.076663,1
1374,0.0769326,1
1375,0.0766863,1
1376,0.0766186,1
1377,0.0767261,1
1378,0.0767461,1
1379,0.0766398,1
1380,0.0772718,1
1381,0.0767892,1
1382,0.0768143,1
1383,0.0766341,1
1384,0.0766428,1
1385,0.076512,1
1386,0.0766931,1
1387,0.0764806,1
1388,0.0766265,1
1389,0.076565,1
1390,0.0765576,1
1391,0.0764842,1
1392,0.0764738,1
1393,0.076686,1
1394,0.0763925,1
1395,0.0765314,1
1396,0.0764063,1
1397,0.0763339,1
1398,0.0764098,1
1399,0.0762811,1
1400,0.0763226,1
1401,0.0765141,1
1402,0.0763675,1
1403,0.0761704,1
1404,0.0761884,1
1405,0.076244,1
1406,0.0762309,1
1407,0.0764808,1
1408,0.0761446,1
1409,0.0764322,1
1410,0.0761394,1
1411,0.076034,1
1412,0.0769907,1
1413,0.0762919,1
1414,0.0760372,1
1415,0.0761226,1
1416,0.0761688,1
1417,0.0760545,1
1418,0.0760714,1
1419,0.0760046,1
1420,0.0760144,1
1421,0.0759933,1
1422,0.0760222,1
1423,0.0759686,1
1424,0.0759785,1
1425,0.0759301,1
1426,0.0758394,1
1427,0.0758844,1
1428,0.0758683,1
1429,0.0758191,1
1430,0.0758792,1
1431,0.0760359,1
1432,0.0758184,1
1433,0.0757408,1
1434,0.0757007,1
1435,0.0757571,1
1436,0.0759945,1
1437,0.0757717,1
1438,0.075813,1
1439,0.076576,1
1440,0.0757464,1
1441,0.0756184,1
1442,0.0755998,1
1443,0.0758612,1
1444,0.0757949,1
1445,0.0756418,1
1446,0.0756987,1
1447,0.0755729,1
1448,0.0755509,1
1449,0.0756039,1
1450,0.0756421,1
1451,0.0755834,1
1452,0.0758581,1
1453,0.0754633,1
1454,0.0761678,1
1455,0.0754928,1
1456,0.0753721,1
1457,0.075413,1
1458,0.0754837,1
1459,0.0755016,1
1460,0.0753678,1
1461,0.0753717,1
1462,0.0755308,1
1463,0.075412,1
1464,0.0753723,1
1465,0.0753423,1
1466,0.0756162,1
1467,0.0754624,1
1468,0.0753091,1
1469,0.0752709,1
1470,0.0752848,1
1471,0.0755225,1
1472,0.0752231,1
1473,0.0753482,1
1474,0.0752219,1
1475,0.0752707,1
1476,0.0752728,1
1477,0.0751044,1
1478,0.0752287,1
1479,0.075172,1
1480,0.0754565,1
1481,0.0751335,1
1482,0.0750837,1
1483,0.0751643,1
1484,0.0752149,1
1485,0.0750002,1
1486,0.0751336,1
1487,0.07505,1
1488,0.0751258,1
1489,0.0750238,1
1490,0.0752901,1
1491,0.0750945,1
1492,0.0749011,1
1493,0.0749897,1
1494,0.074973,1
1495,0.0750102,1
1496,0.0749863,1
1497,0.0751194,1
1498,0.0748764,1
1499,0.0748017,1
1500,0.0748326,1
1501,0.0748386,1
1502,0.0748464,1
1503,0.0748193,1
1504,0.075004,1
1505,0.0748805,1
1506,0.074775,1
1507,0.0747221,1
1508,0.074741,1
1509,0.0746704,1
1510,0.0750163,1
1511,0.0748948,1
1512,0.0747045,1
1513,0.0745987,1
1514,0.0748223,1
1515,0.0745785,1
1516,0.0752946,1
1517,0.0747603,1
1518,0.074762,1
1519,0.0746473,1
1520,0.0745375,1
1521,0.0746212,1
1522,0.0745582,1
1523,0.0746006,1
1524,0.0745542,1
1525,0.0748103,1
1526,0.0744808,1
1527,0.0746059,1
1528,0.0744638,1
1529,0.0753193,1
1530,0.0745327,1
1531,0.0744119,1
1532,0.0745235,1
1533,0.0743504,1
1534,0.074344,1
1535,0.0745208,1
1536,0.074343,1
1537,0.0743734,1
1538,0.0743485,1
1539,0.0743685,1
1540,0.0744501,1
1541,0.0744371,1
1542,0.0750656,1
1543,0.0743324,1
1544,0.0742019,1
1545,0.0742041,1
1546,0.0741708,1
1547,0.0742992,1
1548,0.0749094,1
1549,0.0741872,1
1550,0.0741887,1
1551,0.0741407,1
1552,0.0741391,1
1553,0.0742746,1
1554,0.0742772,1
1555,0.0740777,1
1556,0.0740268,1
1557,0.0740679,1
1558,0.0740686,1
1559,0.0740988,1
1560,0.0740372,1
1561,0.0739652,1
1562,0.0741276,1
1563,0.0740023,1
1564,0.0743017,1
1565,0.0739611,1
1566,0.0739549,1
1567,0.0739107,1
1568,0.073948,1
1569,0.0739268,1
1570,0.0738402,1
1571,0.0740221,1
1572,0.0738631,1
1573,0.0742349,1
1574,0.0738431,1
1575,0.073957,1
1576,0.073951,1
1577,0.0740914,1
1578,0.0738976,1
1579,0.0737555,1
1580,0.0737887,1
1581,0.0738794,1
1582,0.0736905,1
1583,0.0736925,1
1584,0.0739476,1
1585,0.0737092,1
1586,0.0736102,1
1587,0.0737779,1
1588,0.0736783,1
1589,0.0736052,1
1590,0.0737202,1
1591,0.0736554,1
1592,0.07357,1
1593,0.0735112,1
1594,0.0737084,1
1595,0.0735503,1
1596,0.0735499,1
1597,0.073892,1
1598,0.0736304,1
1599,0.0736818,1
1600,0.0735655,1
1601,0.073504,1
1602,0.0735954,1
1603,0.073568,1
1604,0.07355,1
1605,0.0737929,1
1606,0.0738045,1
1607,0.0737851,1
1608,0.0735289,1
1609,0.073337,1
1610,0.0733352,1
1611,0.0733332,1
1612,0.0733513,1
1613,0.0733342,1
1614,0.0736289,1
1615,0.073619,1
1616,0.0732507,1
1617,0.0736327,1
1618,0.0733166,1
1619,0.0732868,1
1620,0.0732374,1
1621,0.0731333,1
1622,0.0737235,1
1623,0.0733442,1
1624,0.0731365,1
1625,0.0740635,1
1626,0.073115,1
1627,0.0730754,1
1628,0.0731412,1
1629,0.0731572,1
1630,0.0731123,1
1631,0.0731475,1
1632,0.0730808,1
1633,0.0734225,1
1634,0.0731897,1
1635,0.073035,1
1636,0.0730745,1
1637,0.0730702,1
1638,0.0733503,1
1639,0.0730207,1
1640,0.0729484,1
1641,0.0731271,1
1642,0.0730299,1
1643,0.0729612,1
1644,0.0730543,1
1645,0.0728661,1
1646,0.0728663,1
1647,0.0728563,1
1648,0.0730406,1
1649,0.0728274,1
1650,0.0728289,1
1651,0.073188,1
1652,0.0729535,1
1653,0.0728406,1
1654,0.0727914,1
1655,0.0727622,1
1656,0.0726898,1
1657,0.0727098,1
1658,0.0727067,1
1659,0.0729215,1
1660,0.0727976,1
1661,0.0727543,1
1662,0.0727477,1
1663,0.0727564,1
1664,0.0726974,1
1665,0.0727528,1
1666,0.0726434,1
1667,0.0726972,1
1668,0.0725771,1
1669,0.0726634,1
1670,0.0725385,1
1671,0.0725116,1
1672,0.0725899,1
1673,0.0725229,1
1674,0.0725069,1
1675,0.0724643,1
1676,0.0724727,1
1677,0.0724665,1
1678,0.0724181,1
1679,0.072543,1
1680,0.0725202,1
1681,0.0725229,1
1682,0.0724092,1
1683,0.0725766,1
1684,0.0723552,1
1685,0.0723739,1
1686,0.0725249,1
1687,0.0724354,1
1688,0.0723535,1
1689,0.0724731,1
1690,0.0723788,1
1691,0.0722957,1
1692,0.0723815,1
1693,0.0722945,1
1694,0.0722531,1
1695,0.0722621,1
1696,0.0722093,1
1697,0.0722547,1
1698,0.0721581,1
1699,0.0724385,1
1700,0.0722326,1
1701,0.0721543,1
1702,0.0722539,1
1703,0.07225,1
1704,0.0721219,1
1705,0.0721738,1
1706,0.072161,1
1707,0.0721228,1
1708,0.0720164,1
1709,0.0721132,1
1710,0.0720098,1
1711,0.0720254,1
1712,0.0719618,1
1713,0.0720593,1
1714,0.0719656,1
1715,0.0719642,1
1716,0.072224,1
1717,0.0719454,1
1718,0.0718664,1
1719,0.0720158,1
1720,0.0719251,1
1721,0.0719378,1
1722,0.071911,1
1723,0.0718437,1
1724,0.071954,1
1725,0.071871,1
1726,0.07184,1
1727,0.071819,1
1728,0.0720878,1
1729,0.0717451,1
1730,0.0717511,1
1731,0.0718497,1
1732,0.0717656,1
1733,0.0718401,1
1734,0.0716372,1
1735,0.0715864,1
1736,0.071704,1
1737,0.0716485,1
1738,0.0724237,1
1739,0.0716546,1
1740,0.0719375,1
1741,0.0716329,1
1742,0.0717265,1
1743,0.0715926,1
1744,0.071632,1
1745,0.071529,1
1746,0.0715484,1
1747,0.0716455,1
1748,0.0715001,1
1749,0.0715548,1
1750,0.071477,1
1751,0.0714805,1
1752,0.0715656,1
1753,0.0713956,1
1754,0.0717417,1
1755,0.0716958,1
1756,0.0714076,1
1757,0.0713884,1
1758,0.0715663,1
1759,0.0713669,1
1760,0.0714288,1
1761,0.0713703,1
1762,0.0712339,1
1763,0.0713637,1
1764,0.0713757,1
1765,0.0716045,1
1766,0.0712928,1
1767,0.0711709,1
1768,0.0712263,1
1769,0.0711241,1
1770,0.0711855,1
1771,0.0711327,1
1772,0.0711078,1
1773,0.0710778,1
1774,0.0711249,1
1775,0.0711149,1
1776,0.0711077,1
1777,0.0710358,1
1778,0.0710155,1
1779,0.0712017,1
1780,0.0712536,1
1781,0.0711852,1
1782,0.0709953,1
1783,0.0710364,1
1784,0.0709835,1
1785,0.0708912,1
1786,0.0708228,1
1787,0.0709487,1
1788,0.0709012,1
1789,0.0709108,1
1790,0.070827,1
1791,0.0707698,1
1792,0.0708761,1
1793,0.0708517,1
1794,0.0708176,1
1795,0.0708078,1
1796,0.0708151,1
1797,0.0707875,1
1798,0.0707007,1
1799,0.07085,1
1800,0.0706802,1
1801,0.0707794,1
1802,0.0706652,1
1803,0.070635,1
1804,0.0708103,1
1805,0.0705303,1
1806,0.0707386,1
1807,0.0705946,1
1808,0.0705275,1
1809,0.0705219,1
1810,0.0705553,1
1811,0.0704772,1
1812,0.0704997,1
1813,0.070482,1
1814,0.0705043,1
1815,0.0704094,1
1816,0.0704772,1
1817,0.0704134,1
1818,0.0704367,1
1819,0.0703426,1
1820,0.070291,1
1821,0.0704901,1
1822,0.0702551,1
1823,0.0703468,1
1824,0.0703197,1
1825,0.0704398,1
1826,0.0702914,1
1827,0.070278,1
1828,0.070381,1
1829,0.07023,1
1830,0.0701775,1
1831,0.0701535,1
1832,0.0701222,1
1833,0.070182,1
1834,0.0702206,1
1835,0.0700767,1
1836,0.0700694,1
1837,0.0701208,1
1838,0.0704361,1
1839,0.0700058,1
1840,0.0700058,1
1841,0.0699355,1
1842,0.0699942,1
1843,0.0699325,1
1844,0.070067,1
1845,0.0699904,1
1846,0.0699298,1
1847,0.0698342,1
1848,0.0700669,1
1849,0.0699439,1
1850,0.069858,1
1851,0.0698101,1
1852,0.0698633,1
1853,0.0697994,1
1854,0.0698923,1
1855,0.0698022,1
1856,0.0697593,1
1857,0.0696802,1
1858,0.0697344,1
1859,0.0697404,1
1860,0.0697818,1
1861,0.0695811,1
1862,0.0696961,1
1863,0.0697423,1
1864,0.0696032,1
1865,0.0695888,1
1866,0.0696942,1
1867,0.0696788,1
1868,0.0696194,1
1869,0.069586,1
1870,0.0694955,1
1871,0.0695596,1
1872,0.0695882,1
1873,0.0694798,1
1874,0.0696197,1
1875,0.0693295,1
1876,0.0693499,1
1877,0.0695079,1
1878,0.0694383,1
1879,0.0692939,1
1880,0.0692816,1
1881,0.0691965,1
1882,0.0693261,1
1883,0.0692332,1
1884,0.069335,1
1885,0.0691716,1
1886,0.0691523,1
1887,0.0692623,1
1888,0.0691904,1
1889,0.0691993,1
1890,0.0690803,1
1891,0.0691203,1
1892,0.0693884,1
1893,0.0690588,1
1894,0.0690716,1
1895,0.0690245,1
1896,0.069073,1
1897,0.0691539,1
1898,0.0690669,1
1899,0.0689586,1
1900,0.0689134,1
1901,0.0688987,1
1902,0.0691024,1
1903,0.0688668,1
1904,0.0688702,1
1905,0.0688154,1
1906,0.0687943,1
1907,0.0692825,1
1908,0.068782,1
1909,0.0688131,1
1910,0.0688145,1
1911,0.0687642,1
1912,0.0687351,1
1913,0.0687518,1
1914,0.0686589,1
1915,0.068763,1
1916,0.0689864,1
1917,0.0686193,1
1918,0.0686664,1
1919,0.0685354,1
1920,0.0685323,1
1921,0.0686095,1
1922,0.0685301,1
1923,0.0685895,1
1924,0.0685332,1
1925,0.0684753,1
1926,0.068595,1
1927,0.0684576,1
1928,0.0683535,1
1929,0.0684881,1
1930,0.0683789,1
1931,0.0683991,1
1932,0.0684264,1
1933,0.0683298,1
1934,0.0683293,1
1935,0.0684152,1
1936,0.0685093,1
1937,0.0682204,1
1938,0.0682051,1
1939,0.0681852,1
1940,0.0681514,1
1941,0.068167,1
1942,0.0681737,1
1943,0.0681642,1
1944,0.0681159,1
1945,0.0680544,1
1946,0.0680322,1
1947,0.067999,1
1948,0.0680371,1
1949,0.0679759,1
1950,0.0679278,1
1951,0.0679211,1
1952,0.0679068,1
1953,0.0678995,1
1954,0.0679987,1
1955,0.0678791,1
1956,0.0678374,1
1957,0.0678495,1
1958,0.0683285,1
1959,0.0679759,1
1960,0.067874,1
1961,0.0678515,1
1962,0.0678084,1
1963,0.0677018,1
1964,0.0677236,1
1965,0.0677483,1
1966,0.0676594,1
1967,0.0677685,1
1968,0.0675903,1
1969,0.0675428,1
1970,0.0675915,1
1971,0.0675154,1
1972,0.0675241,1
1973,0.0675634,1
1974,0.0674554,1
1975,0.067442,1
1976,0.0675403,1
1977,0.0674271,1
1978,0.0673903,1
1979,0.06739,1
1980,0.0673612,1
1981,0.0674408,1
1982,0.0673537,1
1983,0.0672916,1
1984,0.0673813,1
1985,0.0672923,1
1986,0.0672754,1
1987,0.0672146,1
1988,0.0671774,1
1989,0.0672256,1
1990,0.0671572,1
1991,0.0671692,1
1992,0.0671975,1
1993,0.0671316,1
1994,0.0671037,1
1995,0.0671106,1
1996,0.0671704,1
1997,0.0671899,1
1998,0.0671264,1
1999,0.0669712,1
2000,0.0670011,1
2001,0.0670355,1
2002,0.0670129,1
2003,0.066959,1
2004,0.0669751,1
2005,0.0669724,1
2006,0.0670386,1
2007,0.0668253,1
2008,0.066881,1
2009,0.0668206,1
2010,0.066815,1
2011,0.0668685,1
2012,0.0667866,1
2013,0.0669216,1
2014,0.0667168,1
2015,0.06671,1
2016,0.0666512,1
2017,0.066617,1
2018,0.0666425,1
2019,0.0667064,1
2020,0.0666406,1
2021,0.0665587,1
2022,0.066489,1
2023,0.0665591,1
2024,0.0669292,1
2025,0.0667075,1
2026,0.066629,1
2027,0.0664591,1
2028,0.0664741,1
2029,0.0664154,1
2030,0.0664957,1
2031,0.0663377,1
2032,0.0664217,1
2033,0.0664167,1
2034,0.0663643,1
2035,0.0664596,1
2036,0.0662951,1
2037,0.0663039,1
2038,0.0662429,1
2039,0.0661939,1
2040,0.0662412,1
2041,0.0661576,1
2042,0.0661711,1
2043,0.0661451,1
2044,0.0661652,1
2045,0.0661906,1
2046,0.0660725,1
2047,0.0660921,1
2048,0.0660504,1
2049,0.0661787,1
2050,0.066049,1
2051,0.0661206,1
2052,0.0659598,1
2053,0.0659405,1
2054,0.0659595,1
2055,0.0659614,1
2056,0.0658804,1
2057,0.0660491,1
2058,0.0658941,1
2059,0.0658361,1
2060,0.0660251,1
2061,0.0658242,1
2062,0.0658363,1
2063,0.0657495,1
2064,0.0658881,1
2065,0.0657717,1
2066,0.0657299,1
2067,0.0658096,1
2068,0.0657005,1
2069,0.0658076,1
2070,0.0657586,1
2071,0.0656344,1
2072,0.0655609,1
2073,0.0656481,1
2074,0.065608,1
2075,0.0655417,1
2076,0.0656335,1
2077,0.0655248,1
2078,0.0656286,1
2079,0.065481,1
2080,0.0655885,1
2081,0.0654124,1
2082,0.0654018,1
2083,0.0654045,1
2084,0.0653632,1
2085,0.065476,1
2086,0.0653982,1
2087,0.0654284,1
2088,0.0655763,1
2089,0.0653369,1
2090,0.0653396,1
2091,0.0653078,1
2092,0.0653331,1
2093,0.0652449,1
2094,0.0652625,1
2095,0.0655241,1
2096,0.065241,1
2097,0.0651476,1
2098,0.0651208,1
2099,0.065103,1
2100,0.0650516,1
2101,0.0652443,1
2102,0.0652608,1
2103,0.0650922,1
2104,0.0650053,1
2105,0.0651443,1
2106,0.0652008,1
2107,0.0649943,1
2108,0.0649665,1
2109,0.0649662,1
2110,0.0648862,1
2111,0.0649388,1
2112,0.0648663,1
2113,0.0648934,1
2114,0.0649899,1
2115,0.0649706,1
2116,0.0647909,1
2117,0.0648383,1
2118,0.0648196,1
2119,0.0647508,1
2120,0.0648062,1
2121,0.0647683,1
2122,0.0648658,1
2123,0.0648694,1
2124,0.0646763,1
2125,0.0646986,1
2126,0.0646197,1
2127,0.0646835,1
2128,0.0645953,1
2129,0.064653,1
2130,0.0645759,1
2131,0.0646515,1
2132,0.0645454,1
2133,0.0644736,1
2134,0.0645372,1
2135,0.0644804,1
2136,0.0645506,1
2137,0.0645368,1
2138,0.0644693,1
2139,0.0644181,1
2140,0.0644067,1
2141,0.0644452,1
2142,0.064398,1
2143,0.0644186,1
2144,0.064301,1
2145,0.0643392,1
2146,0.0642801,1
2147,0.0643253,1
2148,0.0642644,1
2149,0.0642309,1
2150,0.064259,1
2151,0.064224,1
2152,0.0642581,1
2153,0.0642005,1
2154,0.0642811,1
2155,0.0641611,1
2156,0.0641542,1
2157,0.0641294,1
2158,0.06416,1
2159,0.064126,1
2160,0.0641962,1
2161,0.0640687,1
2162,0.0640291,1
2163,0.0640259,1
2164,0.0640344,1
2165,0.0640035,1
2166,0.0639909,1
2167,0.0640441,1
2168,0.0640549,1
2169,0.0639289,1
2170,0.0639728,1
2171,0.0639033,1
2172,0.063947,1
2173,0.0638626,1
2174,0.0639787,1
2175,0.0639423,1
2176,0.0638954,1
2177,0.0639443,1
2178,0.0637715,1
2179,0.0637999,1
2180,0.0637524,1
2181,0.0639247,1
2182,0.063844,1
2183,0.0640713,1
2184,0.0636947,1
2185,0.0638149,1
2186,0.0636721,1
2187,0.0636231,1
2188,0.0636454,1
2189,0.06364,1
2190,0.0636551,1
2191,0.0636642,1
2192,0.0636419,1
2193,0.0636319,1
2194,0.0636027,1
2195,0.0636374,1
2196,0.063495,1
2197,0.063476,1
2198,0.063494,1
2199,0.0634769,1
2200,0.0634514,1
2201,0.0634172,1
2202,0.0634676,1
2203,0.0634222,1
2204,0.0634808,1
2205,0.0633851,1
2206,0.0633699,1
2207,0.063369,1
2208,0.0633357,1
2209,0.0633109,1
2210,0.0633447,1
2211,0.0633857,1
2212,0.0632639,1
2213,0.0632577,1
2214,0.0632568,1
2215,0.0632583,1
2216,0.0632787,1
2217,0.063255,1
2218,0.0631871,1
2219,0.0632423,1
2220,0.0632094,1
2221,0.0631525,1
2222,0.0631473,1
2223,0.0631476,1
2224,0.0631411,1
2225,0.0631438,1
2226,0.0630764,1
2227,0.0630576,1
2228,0.0630533,1
2229,0.0630844,1
2230,0.0630472,1
2231,0.0631102,1
2232,0.0631604,1
2233,0.0629856,1
2234,0.0630229,1
2235,0.0629665,1
2236,0.0630802,1
2237,0.0629613,1
2238,0.0630298,1
2239,0.0629714,1
2240,0.0630014,1
2241,0.0629795,1
2242,0.0628999,1
2243,0.0628631,1
2244,0.0628375,1
2245,0.0628445,1
2246,0.0628336,1
2247,0.0628903,1
2248,0.062863,1
2249,0.0627969,1
2250,0.0628455,1
2251,0.0627699,1
2252,0.0627397,1
2253,0.0627326,1
2254,0.0627437,1
2255,0.0627787,1
2256,0.0626751,1
2257,0.0626887,1
2258,0.0626907,1
2259,0.0626823,1
2260,0.0627134,1
2261,0.0626057,1
2262,0.0626051,1
2263,0.0626632,1
2264,0.0626058,1
2265,0.0626102,1
2266,0.062574,1
2267,0.0625772,1
2268,0.0625102,1
2269,0.0625149,1
2270,0.0624933,1
2271,0.0625171,1
2272,0.0624616,1
2273,0.0624889,1
2274,0.0624487,1
2275,0.0624339,1
2276,0.0624257,1
2277,0.0624352,1
2278,0.06241,1
2279,0.0623785,1
2280,0.0623806,1
2281,0.0623889,1
2282,0.0623966,1
2283,0.0623321,1
2284,0.0623154,1
2285,0.0624018,1
2286,0.0623584,1
2287,0.0622888,1
2288,0.0622598,1
2289,0.062246,1
2290,0.0622375,1
2291,0.0623014,1
2292,0.0622846,1
2293,0.0622094,1
2294,0.0622948,1
2295,0.0622124,1
2296,0.0621641,1
2297,0.0621404,1
2298,0.0621965,1
2299,0.062124,1
2300,0.0621805,1
2301,0.06211,1
2302,0.0620817,1
2303,0.0621119,1
2304,0.0621079,1
2305,0.0621097,1
2306,0.0620427,1
2307,0.0620803,1
2308,0.0620509,1
2309,0.0620356,1
2310,0.0620253,1
2311,0.0620186,1
2312,0.0619852,1
2313,0.062001,1
2314,0.0619873,1
2315,0.0619867,1
2316,0.0620162,1
2317,0.0619245,1
2318,0.0618898,1
2319,0.0619043,1
2320,0.0619154,1
2321,0.0618987,1
2322,0.0619532,1
2323,0.0618447,1
2324,0.0618739,1
2325,0.0618894,1
2326,0.0618333,1
2327,0.0618201,1
2328,0.0617854,1
2329,0.0618278,1
2330,0.0619251,1
2331,0.0617324,1
2332,0.0617725,1
2333,0.0617988,1
2334,0.0618233,1
2335,0.061694,1
2336,0.0616929,1
2337,0.0616994,1
2338,0.0617287,1
2339,0.0616953,1
2340,0.061704,1
2341,0.0617528,1
2342,0.06169,1
2343,0.0616493,1
2344,0.0616214,1
2345,0.0616145,1
2346,0.0616122,1
2347,0.0616299,1
2348,0.0615719,1
2349,0.0616135,1
2350,0.0615724,1
2351,0.0615871,1
2352,0.0615141,1
2353,0.0615413,1
2354,0.0614965,1
2355,0.0615385,1
2356,0.0615142,1
2357,0.0614598,1
2358,0.0614585,1
2359,0.061496,1
2360,0.0614233,1
2361,0.0614132,1
2362,0.0614116,1
2363,0.0614031,1
2364,0.0613895,1
2365,0.0614615,1
2366,0.0614833,1
2367,0.0613466,1
2368,0.0613528,1
2369,0.0613368,1
2370,0.0613142,1
2371,0.0613334,1
2372,0.0613328,1
2373,0.0613791,1
2374,0.061331,1
2375,0.0613306,1
2376,0.06126,1
2377,0.0612575,1
2378,0.0612855,1
2379,0.06126,1
2380,0.0613281,1
2381,0.061206,1
2382,0.0611736,1
2383,0.0612085,1
2384,0.061254,1
2385,0.0612086,1
2386,0.0611449,1
2387,0.0611591,1
2388,0.061134,1
2389,0.0611202,1
2390,0.0611289,1
2391,0.0611583,1
2392,0.0611167,1
2393,0.0610779,1
2394,0.061125,1
2395,0.0610837,1
2396,0.0611031,1
2397,0.0610809,1
2398,0.0610735,1
2399,0.0610227,1
2400,0.0611087,1
2401,0.0610085,1
2402,0.0609924,1
2403,0.0610128,1
2404,0.0609826,1
2405,0.0609771,1
2406,0.0609412,1
2407,0.0609217,1
2408,0.0609299,1
2409,0.0609439,1
2410,0.0609581,1
2411,0.0609073,1
2412,0.0608948,1
2413,0.0609094,1
2414,0.0609884,1
2415,0.0609621,1
2416,0.0608745,1
2417,0.0608813,1
2418,0.0608778,1
2419,0.0608599,1
2420,0.0608856,1
2421,0.0608202,1
2422,0.0607899,1
2423,0.0608315,1
2424,0.0607873,1
2425,0.0607697,1
2426,0.0608546,1
2427,0.0607613,1
2428,0.060752,1
2429,0.0607923,1
2430,0.0607764,1
2431,0.0607138,1
2432,0.0607919,1
2433,0.0607242,1
2434,0.0606948,1
2435,0.0606986,1
2436,0.0606816,1
2437,0.060783,1
2438,0.0606627,1
2439,0.0607074,1
2440,0.060645,1
2441,0.0605993,1
2442,0.0606159,1
2443,0.0606016,1
2444,0.0605734,1
2445,0.060593,1
2446,0.0605722,1
2447,0.0605658,1
2448,0.0605699,1
2449,0.0605829,1
2450,0.0605337,1
2451,0.0605081,1
2452,0.0605174,1
2453,0.0605282,1
2454,0.0604996,1
2455,0.0605548,1
2456,0.0605647,1
2457,0.0604565,1
2458,0.0604682,1
2459,0.0604608,1
2460,0.0604635,1
2461,0.0604513,1
2462,0.0604261,1
2463,0.060423,1
2464,0.0604682,1
2465,0.0604032,1
2466,0.0604058,1
2467,0.060392,1
2468,0.0603964,1
2469,0.0603492,1
2470,0.0603661,1
2471,0.0603649,1
2472,0.0603409,1
2473,0.0603434,1
2474,0.0603263,1
2475,0.060344,1
2476,0.0603139,1
2477,0.0602963,1
2478,0.0602863,1
2479,0.0602731,1
2480,0.0603021,1
2481,0.0602462,1
2482,0.0602848,1
2483,0.0602476,1
2484,0.0602387,1
2485,0.0602139,1
2486,0.0602352,1
2487,0.0602064,1
2488,0.0602327,1
2489,0.0601906,1
2490,0.0601609,1
2491,0.0602251,1
2492,0.0601915,1
2493,0.0601546,1
2494,0.06015,1
2495,0.0601458,1
2496,0.0601356,1
2497,0.0601176,1
2498,0.0601381,1
2499,0.0601009,1
2500,0.0600984,1
2501,0.0600669,1
2502,0.0600555,1
2503,0.0600532,1
2504,0.0600673,1
2505,0.0600424,1
2506,0.0600409,1
2507,0.0600976,1
2508,0.0600204,1
2509,0.0600083,1
2510,0.0600104,1
2511,0.0600387,1
2512,0.0600309,1
2513,0.0600216,1
2514,0.0599794,1
2515,0.0599728,1
2516,0.059976,1
2517,0.0599464,1
2518,0.059961,1
2519,0.0599129,1
2520,0.060011,1
2521,0.0599441,1
2522,0.0599149,1
2523,0.0598906,1
2524,0.0599258,1
2525,0.0599222,1
2526,0.059883,1
2527,0.0598937,1
2528,0.0598655,1
2529,0.0598792,1
2530,0.0598351,1
2531,0.0598594,1
2532,0.0598874,1
2533,0.0598085,1
2534,0.0598023,1
2535,0.0598198,1
2536,0.0597915,1
2537,0.0598017,1
2538,0.0598046,1
2539,0.0597557,1
2540,0.0597513,1
2541,0.0597618,1
2542,0.0597418,1
2543,0.0597637,1
2544,0.0597584,1
2545,0.0597911,1
2546,0.0597514,1
2547,0.0596914,1
2548,0.0596829,1
2549,0.0596811,1
2550,0.0596857,1
2551,0.0596856,1
2552,0.0596503,1
2553,0.0596707,1
2554,0.0596298,1
2555,0.0596339,1
2556,0.0596647,1
2557,0.0596127,1
2558,0.059636,1
2559,0.0596232,1
2560,0.0596277,1
2561,0.0596248,1
2562,0.0596014,1
2563,0.0595748,1
2564,0.0595601,1
2565,0.0595901,1
2566,0.0595566,1
2567,0.0595569,1
2568,0.0595539,1
2569,0.0595693,1
2570,0.0595722,1
2571,0.0595281,1
2572,0.0595692,1
2573,0.0595411,1
2574,0.0595043,1
2575,0.0594993,1
2576,0.0594766,1
2577,0.0594938,1
2578,0.0594887,1
2579,0.0594588,1
2580,0.059462,1
2581,0.0594279,1
2582,0.0594518,1
2583,0.059417,1
2584,0.0594129,1
2585,0.0594196,1
2586,0.0594488,1
2587,0.0593926,1
2588,0.0593855,1
2589,0.0593605,1
2590,0.0593647,1
2591,0.0593586,1
2592,0.0593619,1
2593,0.0593534,1
2594,0.0593717,1
2595,0.0593475,1
2596,0.0593519,1
2597,0.0593446,1
2598,0.0593185,1
2599,0.0592977,1
2600,0.0592824,1
2601,0.0592792,1
2602,0.0592664,1
2603,0.0593175,1
2604,0.0592718,1
2605,0.0592592,1
2606,0.0592739,1
2607,0.0592445,1
2608,0.0592253,1
2609,0.0592519,1
2610,0.0592524,1
2611,0.0592239,1
2612,0.0592316,1
2613,0.0592235,1
2614,0.0591908,1
2615,0.0592135,1
2616,0.059233,1
2617,0.0591853,1
2618,0.0591628,1
2619,0.0591352,1
2620,0.0591555,1
2621,0.0591619,1
2622,0.0591321,1
2623,0.0591409,1
2624,0.0591185,1
2625,0.0591324,1
2626,0.0591039,1
2627,0.059113,1
2628,0.059074,1
2629,0.0590957,1
2630,0.0591061,1
2631,0.0590736,1
2632,0.0590829,1
2633,0.0590712,1
2634,0.0590469,1
2635,0.0590573,1
2636,0.0590635,1
2637,0.0590352,1
2638,0.0590275,1
2639,0.0590121,1
2640,0.0590149,1
2641,0.0589934,1
2642,0.0589838,1
2643,0.0589822,1
2644,0.0590217,1
2645,0.0589745,1
2646,0.0589679,1
2647,0.0589887,1
2648,0.0589648,1
2649,0.0589425,1
2650,0.0589337,1
2651,0.0589545,1
2652,0.0589086,1
2653,0.0589112,1
2654,0.0589276,1
2655,0.0588872,1
2656,0.0588766,1
2657,0.0588978,1
2658,0.0588823,1
2659,0.0588777,1
2660,0.0588796,1
2661,0.058851,1
2662,0.0588513,1
2663,0.0588745,1
2664,0.0588276,1
2665,0.0588369,1
2666,0.0588428,1
2667,0.058859,1
2668,0.0588201,1
2669,0.0588,1
2670,0.0588049,1
2671,0.0587749,1
2672,0.0587874,1
2673,0.0587753,1
2674,0.0588184,1
2675,0.0587659,1
2676,0.058745,1
2677,0.058742,1
2678,0.0587507,1
2679,0.0587335,1
2680,0.0587539,1
2681,0.0587169,1
2682,0.0587231,1
2683,0.0587004,1
2684,0.058715,1
2685,0.0586983,1
2686,0.0586854,1
2687,0.0586702,1
2688,0.0586567,1
2689,0.0586732,1
2690,0.058711,1
2691,0.0586539,1
2692,0.0586754,1
2693,0.0586789,1
2694,0.0586352,1
2695,0.0586274,1
2696,0.0586255,1
2697,0.0586273,1
2698,0.0585934,1
2699,0.0585827,1
2700,0.0586196,1
2701,0.0585916,1
2702,0.0585716,1
2703,0.0585771,1
2704,0.0585623,1
2705,0.0585471,1
2706,0.0585586,1
2707,0.0585816,1
2708,0.0585403,1
2709,0.0585467,1
2710,0.0585166,1
2711,0.0585203,1
2712,0.0585055,1
2713,0.0585085,1
2714,0.0585023,1
2715,0.0584889,1
2716,0.0584774,1
2717,0.0584748,1
2718,0.0584785,1
2719,0.0584525,1
2720,0.0584623,1
2721,0.0584673,1
2722,0.0584365,1
2723,0.0584415,1
2724,0.0584289,1
2725,0.0584206,1
2726,0.0584261,1
2727,0.0584079,1
2728,0.0583934,1
2729,0.0584277,1
2730,0.0584168,1
2731,0.0583852,1
2732,0.05837,1
2733,0.0583835,1
2734,0.0583692,1
2735,0.0583572,1
2736,0.0583508,1
2737,0.0583445,1
2738,0.0583338,1
2739,0.0583564,1
2740,0.0583194,1
2741,0.0583131,1
2742,0.0583201,1
2743,0.0583006,1
2744,0.0582913,1
2745,0.0583123,1
2746,0.0582986,1
2747,0.0582752,1
2748,0.0582716,1
2749,0.0582751,1
2750,0.0582869,1
2751,0.0582446,1
2752,0.0582424,1
2753,0.0582493,1
2754,0.0582284,1
2755,0.0582244,1
2756,0.058207,1
2757,0.0582068,1
2758,0.0582085,1
2759,0.0582254,1
2760,0.0582223,1
2761,0.0581951,1
2762,0.0581824,1
2763,0.0581801,1
2764,0.0581612,1
2765,0.0581629,1
2766,0.0581814,1
2767,0.0581789,1
2768,0.0581519,1
2769,0.0581551,1
2770,0.0581256,1
2771,0.0581411,1
2772,0.0581162,1
2773,0.0581073,1
2774,0.0581401,1
2775,0.0581071,1
2776,0.0581056,1
2777,0.0580957,1
2778,0.0580753,1
2779,0.0580701,1
2780,0.0580612,1
2781,0.0580669,1
2782,0.0580684,1
2783,0.0580637,1
2784,0.0580477,1
2785,0.0580461,1
2786,0.0580399,1
2787,0.058025,1
2788,0.058014,1
2789,0.0580073,1
2790,0.0580151,1
2791,0.057997,1
2792,0.0580117,1
2793,0.0579851,1
2794,0.0579892,1
2795,0.0579728,1
2796,0.0579744,1
2797,0.0579669,1
2798,0.0579504,1
2799,0.0579762,1
2800,0.0579395,1
2801,0.0579606,1
2802,0.0579207,1
2803,0.0579429,1
2804,0.057906,1
2805,0.0579007,1
2806,0.0579035,1
2807,0.0578927,1
2808,0.0579105,1
2809,0.0578956,1
2810,0.0578827,1
2811,0.0578831,1
2812,0.0578664,1
2813,0.0578555,1
2814,0.0578612,1
2815,0.0578509,1
2816,0.057837,1
2817,0.0578493,1
2818,0.0578399,1
2819,0.0578257,1
2820,0.057822,1
2821,0.0578073,1
2822,0.057793,1
2823,0.0578062,1
2824,0.0577915,1
2825,0.0577791,1
2826,0.0577677,1
2827,0.0577759,1
2828,0.0577624,1
2829,0.0577457,1
2830,0.0577548,1
2831,0.0577479,1
2832,0.0577385,1
2833,0.0577494,1
2834,0.0577222,1
2835,0.0577168,1
2836,0.0577176,1
2837,0.057717,1
2838,0.0576954,1
2839,0.0577308,1
2840,0.0576937,1
2841,0.0576932,1
2842,0.0576905,1
2843,0.0576903,1
2844,0.0576646,1
2845,0.0576588,1
2846,0.0577025,1
2847,0.0576397,1
2848,0.0576457,1
2849,0.0576327,1
2850,0.0576336,1
2851,0.0576137,1
2852,0.0576323,1
2853,0.0576057,1
2854,0.0576001,1
2855,0.0575889,1
2856,0.0575902,1
2857,0.0575946,1
2858,0.0575863,1
2859,0.0575863,1
2860,0.0575684,1
2861,0.0575811,1
2862,0.0575594,1
2863,0.0575381,1
2864,0.0575428,1
2865,0.0575417,1
2866,0.0575351,1
2867,0.0575279,1
2868,0.0575096,1
2869,0.0575174,1
2870,0.0574948,1
2871,0.0575105,1
2872,0.0574993,1
2873,0.0575058,1
2874,0.0574948,1
2875,0.0574863,1
2876,0.0574917,1
2877,0.0574802,1
2878,0.0574661,1
2879,0.0574466,1
2880,0.057442,1
2881,0.0574458,1
2882,0.0574281,1
2883,0.0574304,1
2884,0.0574207,1
2885,0.0574118,1
2886,0.0574058,1
2887,0.057407,1
2888,0.0574096,1
2889,0.0573801,1
2890,0.0573858,1
2891,0.0573897,1
2892,0.0573675,1
2893,0.057379,1
2894,0.0573767,1
2895,0.0573648,1
2896,0.0573528,1
2897,0.0573424,1
2898,0.0573371,1
2899,0.0573301,1
2900,0.0573294,1
2901,0.0573121,1
2902,0.0573506,1
2903,0.0573311,1
2904,0.0573229,1
2905,0.057316,1
2906,0.0573207,1
2907,0.0573104,1
2908,0.0573012,1
2909,0.0572841,1
2910,0.0572669,1
2911,0.0572656,1
2912,0.0572512,1
2913,0.0572662,1
2914,0.0572546,1
2915,0.057239,1
2916,0.0572295,1
2917,0.0572288,1
2918,0.0572205,1
2919,0.0572337,1
2920,0.0572129,1
2921,0.0572061,1
2922,0.0572101,1
2923,0.0572015,1
2924,0.057178,1
2925,0.0571686,1
2926,0.0571901,1
2927,0.057212,1
2928,0.057193,1
2929,0.0571799,1
2930,0.0571406,1
2931,0.0571393,1
2932,0.0571424,1
2933,0.0571377,1
2934,0.0571329,1
2935,0.0571283,1
2936,0.0571137,1
2937,0.0571103,1
2938,0.0570972,1
2939,0.0571084,1
2940,0.0571002,1
2941,0.0571015,1
2942,0.0570989,1
2943,0.0570732,1
2944,0.0570673,1
2945,0.0570645,1
2946,0.0570523,1
2947,0.0570758,1
2948,0.0570527,1
2949,0.0570419,1
2950,0.0570643,1
2951,0.0570615,1
2952,0.0570227,1
2953,0.0570362,1
2954,0.0570319,1
2955,0.0570005,1
2956,0.0569822,1
2957,0.0569965,1
2958,0.0569932,1
2959,0.056999,1
2960,0.056971,1
2961,0.05698,1
2962,0.0569624,1
2963,0.0569812,1
2964,0.0569515,1
2965,0.0569437,1
2966,0.0569369,1
2967,0.0569349,1
2968,0.0569357,1
2969,0.0569155,1
2970,0.0569135,1
2971,0.0569215,1
2972,0.0569209,1
2973,0.0569196,1
2974,0.056897,1
2975,0.0568939,1
2976,0.0568992,1
2977,0.0568805,1
2978,0.0568725,1
2979,0.0568562,1
2980,0.0568539,1
2981,0.0568509,1
2982,0.0568604,1
2983,0.0568351,1
2984,0.0568375,1
2985,0.056852,1
2986,0.0568495,1
2987,0.0568355,1
2988,0.0568075,1
2989,0.0568069,1
2990,0.0568241,1
2991,0.0568021,1
2992,0.0567931,1
2993,0.0567867,1
2994,0.0567693,1
2995,0.0567994,1
2996,0.0567811,1
2997,0.0567536,1
2998,0.0567499,1
2999,0.0567563,1
3000,0.0567555,1
3001,0.0567531,1
3002,0.056744,1
3003,0.0567186,1
3004,0.0567157,1
3005,0.0567224,1
3006,0.0567239,1
3007,0.0567021,1
3008,0.05671,1
3009,0.0567084,1
3010,0.0566796,1
3011,0.0567018,1
3012,0.0567019,1
3013,0.0566697,1
3014,0.0566752,1
3015,0.0566625,1
3016,0.0566482,1
3017,0.0566552,1
3018,0.0566343,1
3019,0.05664,1
3020,0.0566371,1
3021,0.0566416,1
3022,0.0566143,1
3023,0.0566195,1
3024,0.0565993,1
3025,0.0566157,1
3026,0.056627,1
3027,0.056588,1
3028,0.0565853,1
3029,0.0565893,1
3030,0.0566248,1
3031,0.0565797,1
3032,0.0565772,1
3033,0.0565649,1
3034,0.0565488,1
3035,0.0565427,1
3036,0.0565455,1
3037,0.0565629,1
3038,0.0565253,1
3039,0.0565242,1
3040,0.0565312,1
3041,0.0565189,1
3042,0.0565155,1
3043,0.0564921,1
3044,0.0564907,1
3045,0.0564915,1
3046,0.0564831,1
3047,0.0564869,1
3048,0.0564855,1
3049,0.056472,1
3050,0.0564934,1
3051,0.0564541,1
3052,0.0564592,1
3053,0.056487,1
3054,0.0564578,1
3055,0.0564388,1
3056,0.0564362,1
3057,0.0564302,1
3058,0.0564326,1
3059,0.0564303,1
3060,0.0564126,1
3061,0.0564292,1
3062,0.0564073,1
3063,0.0563883,1
3064,0.0563875,1
3065,0.0563844,1
3066,0.0563792,1
3067,0.0563778,1
3068,0.0563625,1
3069,0.0563591,1
3070,0.0563445,1
3071,0.0563506,1
3072,0.0563342,1
3073,0.056355,1
3074,0.0563417,1
3075,0.0563241,1
3076,0.0563316,1
3077,0.0563245,1
3078,0.0563101,1
3079,0.0563154,1
3080,0.0563206,1
3081,0.0562899,1
3082,0.0562991,1
3083,0.0563038,1
3084,0.0562715,1
3085,0.056269,1
3086,0.0562694,1
3087,0.0562565,1
3088,0.0562519,1
3089,0.0562562,1
3090,0.0562436,1
3091,0.0562575,1
3092,0.0562296,1
3093,0.0562374,1
3094,0.0562207,1
3095,0.0562461,1
3096,0.0562215,1
3097,0.0562195,1
3098,0.0561972,1
3099,0.0562013,1
3100,0.0561899,1
3101,0.0562073,1
3102,0.056183,1
3103,0.0561752,1
3104,0.0561633,1
3105,0.0561704,1
3106,0.0561577,1
3107,0.0561576,1
3108,0.0561477,1
3109,0.0561485,1
3110,0.0561537,1
3111,0.0561458,1
3112,0.0561332,1
3113,0.0561754,1
3114,0.056135,1
3115,0.056111,1
3116,0.0561061,1
3117,0.056114,1
3118,0.0561024,1
3119,0.0560956,1
3120,0.05609,1
3121,0.0560744,1
3122,0.0560751,1
3123,0.0560822,1
3124,0.0560726,1
3125,0.0560567,1
3126,0.0560617,1
3127,0.0560496,1
3128,0.0560496,1
3129,0.0560541,1
3130,0.056041,1
3131,0.0560292,1
3132,0.0560216,1
3133,0.0560164,1
3134,0.0560196,1
3135,0.0560528,1
3136,0.0560075,1
3137,0.0559956,1
3138,0.0559851,1
3139,0.0560107,1
3140,0.05598,1
3141,0.0559928,1
3142,0.0559751,1
3143,0.0559778,1
3144,0.0559759,1
3145,0.0559564,1
3146,0.0559542,1
3147,0.0559493,1
3148,0.0559602,1
3149,0.0559515,1
3150,0.055937,1
3151,0.055928,1
3152,0.0559268,1
3153,0.0559233,1
3154,0.055913,1
3155,0.0559137,1
3156,0.0559028,1
3157,0.0558937,1
3158,0.0559054,1
3159,0.0558997,1
3160,0.0558905,1
3161,0.0559047,1
3162,0.0558712,1
3163,0.0558638,1
3164,0.0558601,1
3165,0.0558543,1
3166,0.0558477,1
3167,0.0558623,1
3168,0.0558546,1
3169,0.0558394,1
3170,0.0558344,1
3171,0.0558499,1
3172,0.0558574,1
3173,0.0558313,1
3174,0.0558098,1
3175,0.0558146,1
3176,0.0558122,1
3177,0.0558039,1
3178,0.055784,1
3179,0.0557839,1
3180,0.0557967,1
3181,0.0557702,1
3182,0.0557756,1
3183,0.0557788,1
3184,0.0557697,1
3185,0.0557584,1
3186,0.0557622,1
3187,0.0557602,1
3188,0.0557536,1
3189,0.0557491,1
3190,0.0557328,1
3191,0.0557319,1
3192,0.0557305,1
3193,0.0557315,1
3194,0.0557288,1
3195,0.0557175,1
3196,0.0557097,1
3197,0.0556974,1
3198,0.055707,1
3199,0.0557117,1
3200,0.0556838,1
3201,0.0557026,1
3202,0.0556793,1
3203,0.0556736,1
3204,0.0556619,1
3205,0.0556641,1
3206,0.0556659,1
3207,0.0556713,1
3208,0.0556468,1
3209,0.0556633,1
3210,0.0556361,1
3211,0.0556384,1
3212,0.0556252,1
3213,0.0556265,1
3214,0.0556216,1
3215,0.0556097,1
3216,0.0556165,1
3217,0.0556079,1
3218,0.0555983,1
3219,0.0556045,1
3220,0.0556148,1
3221,0.055595,1
3222,0.0555768,1
3223,0.055587,1
3224,0.0555804,1
3225,0.0555732,1
3226,0.0555835,1
3227,0.0555545,1
3228,0.0555519,1
3229,0.0555538,1
3230,0.0555738,1
3231,0.0555478,1
3232,0.0555345,1
3233,0.0555356,1
3234,0.0555291,1
3235,0.0555282,1
3236,0.0555184,1
3237,0.0555352,1
3238,0.0555082,1
3239,0.055504,1
3240,0.0555022,1
3241,0.055518,1
3242,0.0554824,1
3243,0.0554911,1
3244,0.0554776,1
3245,0.055496,1
3246,0.0554752,1
3247,0.0554711,1
3248,0.0554671,1
3249,0.0554683,1
3250,0.0554637,1
3251,0.0554692,1
3252,0.0554543,1
3253,0.0554391,1
3254,0.0554446,1
3255,0.0554332,1
3256,0.0554477,1
3257,0.0554362,1
3258,0.0554417,1
3259,0.0554179,1
3260,0.0554075,1
3261,0.0554084,1
3262,0.0554091,1
3263,0.0554038,1
3264,0.0554015,1
3265,0.0553915,1
3266,0.0553874,1
3267,0.0554026,1
3268,0.0553865,1
3269,0.0553671,1
3270,0.0553842,1
3271,0.055382,1
3272,0.0553893,1
3273,0.055361,1
3274,0.0553475,1
3275,0.0553489,1
3276,0.0553445,1
3277,0.0553494,1
3278,0.0553345,1
3279,0.055354,1
3280,0.0553429,1
3281,0.0553258,1
3282,0.0553211,1
3283,0.0553207,1
3284,0.0553079,1
3285,0.0553056,1
3286,0.0552984,1
3287,0.0552945,1
3288,0.0553092,1
3289,0.0552993,1
3290,0.055286,1
3291,0.0552852,1
3292,0.0552816,1
3293,0.055276,1
3294,0.055268,1
3295,0.0552612,1
3296,0.0552679,1
3297,0.0552596,1
3298,0.0552533,1
3299,0.0552535,1
3300,0.0552414,1
3301,0.0552495,1
3302,0.0552498,1
3303,0.0552555,1
3304,0.0552416,1
3305,0.0552325,1
3306,0.0552291,1
3307,0.055233,1
3308,0.055216,1
3309,0.0552181,1
3310,0.0552011,1
3311,0.0552146,1
3312,0.0552051,1
3313,0.0552326,1
3314,0.0552052,1
3315,0.055207,1
3316,0.0551945,1
3317,0.0551934,1
3318,0.0551739,1
3319,0.0551684,1
3320,0.0551717,1
3321,0.0551722,1
3322,0.0551552,1
3323,0.0551563,1
3324,0.0551611,1
3325,0.0551419,1
3326,0.0551804,1
3327,0.0551411,1
3328,0.0551357,1
3329,0.0551267,1
3330,0.0551308,1
3331,0.0551395,1
3332,0.0551346,1
3333,0.0551173,1
3334,0.0551266,1
3335,0.0551079,1
3336,0.0551313,1
3337,0.0551126,1
3338,0.055091,1
3339,0.0551042,1
3340,0.0550939,1
3341,0.0550923,1
3342,0.0550742,1
3343,0.0550808,1
3344,0.0550684,1
3345,0.0550684,1
3346,0.0550649,1
3347,0.0550598,1
3348,0.0550599,1
3349,0.0550624,1
3350,0.0550608,1
3351,0.0550621,1
3352,0.055046,1
3353,0.0550421,1
3354,0.0550391,1
3355,0.0550333,1
3356,0.0550394,1
3357,0.0550218,1
3358,0.0550306,1
3359,0.0550183,1
3360,0.0550268,1
3361,0.0550128,1
3362,0.0550069,1
3363,0.0550039,1
3364,0.0550133,1
3365,0.0549975,1
3366,0.0549971,1
3367,0.0549913,1
3368,0.0549939,1
3369,0.0549863,1
3370,0.0549866,1
3371,0.0549744,1
3372,0.0549777,1
3373,0.0549835,1
3374,0.0549714,1
3375,0.0549613,1
3376,0.0549546,1
3377,0.0549572,1
3378,0.0549518,1
3379,0.0549501,1
3380,0.0549411,1
3381,0.0549704,1
3382,0.0549505,1
3383,0.0549424,1
3384,0.0549424,1
3385,0.054938,1
3386,0.0549261,1
3387,0.0549228,1
3388,0.0549323,1
3389,0.054919,1
3390,0.0549057,1
3391,0.0549173,1
3392,0.0549278,1
3393,0.0548983,1
3394,0.0549026,1
3395,0.0548905,1
3396,0.0548943,1
3397,0.0548877,1
3398,0.0548907,1
3399,0.0548851,1
3400,0.0548835,1
3401,0.0548836,1
3402,0.0549064,1
3403,0.05487,1
3404,0.0548812,1
3405,0.0548613,1
3406,0.0548703,1
3407,0.0548536,1
3408,0.0548596,1
3409,0.0548628,1
3410,0.0548773,1
3411,0.0548437,1
3412,0.0548526,1
3413,0.0548335,1
3414,0.0548332,1
3415,0.0548407,1
3416,0.0548483,1
3417,0.0548334,1
3418,0.0548193,1
3419,0.0548255,1
3420,0.0548062,1
3421,0.0548097,1
3422,0.0548067,1
3423,0.0548082,1
3424,0.0548119,1
3425,0.0547921,1
3426,0.0547978,1
3427,0.0548069,1
3428,0.0547954,1
3429,0.0547875,1
3430,0.0547896,1
3431,0.0547844,1
3432,0.0547761,1
3433,0.0547828,1
3434,0.0547767,1
3435,0.0547781,1
3436,0.0547713,1
3437,0.0547799,1
3438,0.0547702,1
3439,0.0547601,1
3440,0.0547704,1
3441,0.0547498,1
3442,0.0547637,1
3443,0.0547507,1
3444,0.0547505,1
3445,0.0547486,1
3446,0.05473,1
3447,0.0547331,1
3448,0.0547297,1
3449,0.054721,1
3450,0.0547295,1
3451,0.0547361,1
3452,0.0547247,1
3453,0.0547118,1
3454,0.0547077,1
3455,0.0547132,1
3456,0.0547092,1
3457,0.0547262,1
3458,0.0547121,1
3459,0.0546961,1
3460,0.0547053,1
3461,0.0546958,1
3462,0.0546895,1
3463,0.0547091,1
3464,0.0546999,1
3465,0.0546954,1
3466,0.0546844,1
3467,0.0546922,1
3468,0.0546821,1
3469,0.0546745,1
3470,0.0546661,1
3471,0.0546653,1
3472,0.0546614,1
3473,0.0546633,1
3474,0.0546699,1
3475,0.0546608,1
3476,0.0546514,1
3477,0.0546501,1
3478,0.0546448,1
3479,0.0546378,1
3480,0.0546515,1
3481,0.0546417,1
3482,0.0546523,1
3483,0.0546408,1
3484,0.0546256,1
3485,0.0546265,1
3486,0.054627,1
3487,0.0546322,1
3488,0.0546174,1
3489,0.0546163,1
3490,0.0546272,1
3491,0.0546069,1
3492,0.0546367,1
3493,0.0546245,1
3494,0.0546014,1
3495,0.0546075,1
3496,0.0545947,1
3497,0.0546061,1
3498,0.0545963,1
3499,0.0546091,1
3500,0.0545905,1
3501,0.0545884,1
3502,0.0545896,1
3503,0.0545941,1
3504,0.0545855,1
3505,0.0545841,1
3506,0.0545772,1
3507,0.0545741,1
3508,0.0545676,1
3509,0.0545729,1
3510,0.054571,1
3511,0.0545615,1
3512,0.0545647,1
3513,0.0545658,1
3514,0.0545636,1
3515,0.0545531,1
3516,0.0545544,1
3517,0.054558,1
3518,0.0545397,1
3519,0.0545409,1
3520,0.0545441,1
3521,0.0545395,1
3522,0.0545365,1
3523,0.0545388,1
3524,0.054533,1
3525,0.0545313,1
3526,0.0545228,1
3527,0.0545252,1
3528,0.0545192,1
3529,0.0545336,1
3530,0.0545214,1
3531,0.0545153,1
3532,0.0545163,1
3533,0.0545062,1
3534,0.0545097,1
3535,0.0545098,1
3536,0.0544994,1
3537,0.0545265,1
3538,0.0545112,1
3539,0.054496,1
3540,0.0544956,1
3541,0.0545039,1
3542,0.0544913,1
3543,0.0544924,1
3544,0.0544869,1
3545,0.0545149,1
3546,0.0544823,1
3547,0.0544938,1
3548,0.0544888,1
3549,0.0545017,1
3550,0.0544811,1
3551,0.0544767,1
3552,0.0544688,1
3553,0.0544739,1
3554,0.0544703,1
3555,0.054462,1
3556,0.0544689,1
3557,0.0544705,1
3558,0.0544593,1
3559,0.0544565,1
3560,0.0544545,1
3561,0.0544488,1
3562,0.0544478,1
3563,0.0544513,1
3564,0.0544489,1
3565,0.0544499,1
3566,0.0544479,1
3567,0.0544518,1
3568,0.0544398,1
3569,0.0544319,1
3570,0.054438,1
3571,0.0544344,1
3572,0.0544283,1
3573,0.0544257,1
3574,0.054426,1
3575,0.05442,1
3576,0.0544224,1
3577,0.0544291,1
3578,0.0544187,1
3579,0.0544269,1
3580,0.0544173,1
3581,0.054421,1
3582,0.0544108,1
3583,0.0544057,1
3584,0.0544094,1
3585,0.0544157,1
3586,0.0544001,1
3587,0.0544037,1
3588,0.0544138,1
3589,0.0543983,1
3590,0.0544059,1
3591,0.0544041,1
3592,0.0544021,1
3593,0.0543878,1
3594,0.054385,1
3595,0.0543826,1
3596,0.0544042,1
3597,0.0543862,1
3598,0.0543933,1
3599,0.0544168,1
3600,0.0543795,1
3601,0.0543685,1
3602,0.0543731,1
3603,0.0543766,1
3604,0.0543801,1
3605,0.0543681,1
3606,0.0543659,1
3607,0.0543755,1
3608,0.0543705,1
3609,0.0543628,1
3610,0.054363,1
3611,0.0543592,1
3612,0.0543612,1
3613,0.0543516,1
3614,0.0543569,1
3615,0.0543542,1
3616,0.0543615,1
3617,0.0543539,1
3618,0.0543617,1
3619,0.0543456,1
3620,0.0543513,1
3621,0.0543393,1
3622,0.0543386,1
3623,0.0543321,1
3624,0.0543312,1
3625,0.0543335,1
3626,0.054331,1
3627,0.0543249,1
3628,0.054327,1
3629,0.0543298,1
3630,0.0543371,1
3631,0.0543248,1
3632,0.0543273,1
3633,0.0543341,1
3634,0.0543195,1
3635,0.0543349,1
3636,0.0543366,1
3637,0.0543203,1
3638,0.054322,1
3639,0.0543103,1
3640,0.054311,1
3641,0.0543165,1
3642,0.0543073,1
3643,0.0543035,1
3644,0.0543033,1
3645,0.054309,1
3646,0.054316,1
3647,0.0542954,1
3648,0.0542948,1
3649,0.0542888,1
3650,0.0542954,1
3651,0.0542875,1
3652,0.0542933,1
3653,0.0542878,1
3654,0.0542913,1
3655,0.0542923,1
3656,0.0542946,1
3657,0.0543058,1
3658,0.0542949,1
3659,0.0542811,1
3660,0.0542831,1
3661,0.05429,1
3662,0.05428,1
3663,0.05427,1
3664,0.0542759,1
3665,0.0542707,1
3666,0.0542725,1
3667,0.0542692,1
3668,0.0542765,1
3669,0.0542673,1
3670,0.0542587,1
3671,0.0542676,1
3672,0.0542648,1
3673,0.0542582,1
3674,0.0542757,1
3675,0.0542539,1
3676,0.0542512,1
3677,0.0542546,1
3678,0.0542505,1
3679,0.0542478,1
3680,0.0542503,1
3681,0.0542554,1
3682,0.0542457,1
3683,0.0542497,1
3684,0.0542411,1
3685,0.0542549,1
3686,0.0542453,1
3687,0.0542514,1
3688,0.0542456,1
3689,0.0542567,1
3690,0.0542422,1
3691,0.0542326,1
3692,0.0542333,1
3693,0.0542296,1
3694,0.0542277,1
3695,0.0542363,1
3696,0.0542372,1
3697,0.0542255,1
3698,0.0542253,1
3699,0.0542254,1
3700,0.0542397,1
3701,0.0542309,1
3702,0.0542299,1
3703,0.0542224,1
3704,0.0542129,1
3705,0.054222,1
3706,0.0542179,1
3707,0.0542251,1
3708,0.0542201,1
3709,0.0542185,1
3710,0.0542343,1
3711,0.0542149,1
3712,0.054212,1
3713,0.0542179,1
3714,0.0542088,1
3715,0.0542085,1
3716,0.0542053,1
3717,0.054214,1
3718,0.0542242,1
3719,0.0542108,1
3720,0.054203,1
3721,0.0541946,1
3722,0.0542174,1
3723,0.0542033,1
3724,0.054196,1
3725,0.0541978,1
3726,0.054196,1
3727,0.054193,1
3728,0.0541924,1
3729,0.054218,1
3730,0.054198,1
3731,0.0541964,1
3732,0.054195,1
3733,0.0541842,1
3734,0.0541851,1
3735,0.0541802,1
3736,0.0541868,1
3737,0.0542015,1
3738,0.0541865,1
3739,0.0541953,1
3740,0.0541938,1
3741,0.0541932,1
3742,0.0541829,1
3743,0.0541749,1
3744,0.0541796,1
3745,0.0541825,1
3746,0.0541739,1
3747,0.0541784,1
3748,0.054169,1
3749,0.0541794,1
3750,0.0541688,1
3751,0.0541776,1
3752,0.0541696,1
3753,0.0541696,1
3754,0.0541725,1
3755,0.0541756,1
3756,0.0541624,1
3757,0.0541616,1
3758,0.0541578,1
3759,0.0541612,1
3760,0.0541643,1
3761,0.0541682,1
3762,0.0541643,1
3763,0.0541694,1
3764,0.0541645,1
3765,0.0541512,1
3766,0.0541592,1
3767,0.0541487,1
3768,0.0541586,1
3769,0.0541562,1
3770,0.0541641,1
3771,0.0541541,1
3772,0.0541446,1
3773,0.0541501,1
3774,0.0541532,1
3775,0.0541458,1
3776,0.0541501,1
3777,0.0541634,1
3778,0.0541583,1
3779,0.0541403,1
3780,0.0541388,1
3781,0.0541413,1
3782,0.0541376,1
3783,0.0541387,1
3784,0.0541336,1
3785,0.0541415,1
3786,0.0541327,1
3787,0.0541363,1
3788,0.054141,1
3789,0.0541371,1
3790,0.0541365,1
3791,0.0541304,1
3792,0.0541493,1
3793,0.054129,1
3794,0.0541327,1
3795,0.0541256,1
3796,0.054128,1
3797,0.054131,1
3798,0.0541237,1
3799,0.0541242,1
3800,0.0541173,1
3801,0.0541269,1
3802,0.0541361,1
3803,0.0541245,1
3804,0.0541193,1
3805,0.0541184,1
3806,0.0541257,1
3807,0.0541173,1
3808,0.0541147,1
3809,0.0541154,1
3810,0.0541123,1
3811,0.0541072,1
3812,0.0541375,1
3813,0.0541259,1
3814,0.0541239,1
3815,0.0541085,1
3816,0.0541124,1
3817,0.0541077,1
3818,0.0541208,1
3819,0.0541099,1
3820,0.0541026,1
3821,0.0541027,1
3822,0.0541154,1
3823,0.0541038,1
3824,0.0541044,1
3825,0.054118,1
3826,0.0541018,1
3827,0.0540989,1
3828,0.0540955,1
3829,0.0541102,1
3830,0.0541166,1
3831,0.0541095,1
3832,0.0540945,1
3833,0.0541122,1
3834,0.0541105,1
3835,0.0540997,1
3836,0.0540943,1
3837,0.0540937,1
3838,0.0540967,1
3839,0.0540908,1
3840,0.0541038,1
3841,0.0540943,1
3842,0.0540931,1
3843,0.0540941,1
3844,0.0541072,1
3845,0.0540846,1
3846,0.0540884,1
3847,0.0540907,1
3848,0.0540873,1
3849,0.0540908,1
3850,0.0540986,1
3851,0.0540861,1
3852,0.0540918,1
3853,0.0540808,1
3854,0.0540951,1
3855,0.054082,1
3856,0.0540794,1
3857,0.0540808,1
3858,0.0541036,1
3859,0.0540821,1
3860,0.0540825,1
3861,0.0540863,1
3862,0.0540932,1
3863,0.0540824,1
3864,0.0540771,1
3865,0.0540829,1
3866,0.0540813,1
3867,0.0540745,1
3868,0.0540862,1
3869,0.0540729,1
3870,0.0540709,1
3871,0.0540678,1
3872,0.0540764,1
3873,0.0540834,1
3874,0.0540756,1
3875,0.0540766,1
3876,0.0540713,1
3877,0.0540815,1
3878,0.0540655,1
3879,0.0540824,1
3880,0.0540831,1
3881,0.0540706,1
3882,0.0540663,1
3883,0.0540694,1
3884,0.0540695,1
3885,0.0540668,1
3886,0.0540693,1
3887,0.0540758,1
3888,0.0540599,1
3889,0.0540633,1
3890,0.054066,1
3891,0.0540722,1
3892,0.0540651,1
3893,0.0540738,1
3894,0.0540615,1
3895,0.0540633,1
3896,0.0540586,1
3897,0.0540596,1
3898,0.0540599,1
3899,0.0540559,1
3900,0.0540709,1
3901,0.0540552,1
3902,0.0540732,1
3903,0.05407,1
3904,0.0540638,1
3905,0.054053,1
3906,0.0540658,1
3907,0.0540522,1
3908,0.0540524,1
3909,0.0540599,1
3910,0.0540502,1
3911,0.0540631,1
3912,0.0540607,1
3913,0.0540539,1
3914,0.0540524,1
3915,0.0540454,1
3916,0.0540469,1
3917,0.0540611,1
3918,0.0540569,1
3919,0.0540568,1
3920,0.0540453,1
3921,0.0540446,1
3922,0.0540517,1
3923,0.0540533,1
3924,0.0540513,1
3925,0.0540432,1
3926,0.0540496,1
3927,0.0540512,1
3928,0.054041,1
3929,0.0540512,1
3930,0.0540516,1
3931,0.0540438,1
3932,0.0540421,1
3933,0.0540393,1
3934,0.0540403,1
3935,0.0540389,1
3936,0.05404,1
3937,0.0540399,1
3938,0.0540621,1
3939,0.0540601,1
3940,0.0540473,1
3941,0.0540412,1
3942,0.0540414,1
3943,0.0540461,1
3944,0.0540408,1
3945,0.0540332,1
3946,0.0540352,1
3947,0.0540394,1
3948,0.0540411,1
3949,0.0540495,1
3950,0.0540301,1
3951,0.0540429,1
3952,0.0540378,1
3953,0.0540296,1
3954,0.0540335,1
3955,0.0540415,1
3956,0.0540416,1
3957,0.0540338,1
3958,0.0540364,1
3959,0.0540336,1
3960,0.0540283,1
3961,0.0540289,1
3962,0.0540316,1
3963,0.0540323,1
3964,0.0540445,1
3965,0.0540367,1
3966,0.054038,1
3967,0.0540253,1
3968,0.0540274,1
3969,0.0540384,1
3970,0.0540351,1
3971,0.0540263,1
3972,0.0540301,1
3973,0.0540333,1
3974,0.0540392,1
3975,0.0540263,1
3976,0.054033,1
3977,0.0540235,1
3978,0.0540219,1
3979,0.0540397,1
3980,0.0540344,1
3981,0.0540328,1
3982,0.0540328,1
3983,0.054028,1
3984,0.0540296,1
3985,0.0540226,1
3986,0.0540217,1
3987,0.0540271,1
3988,0.0540212,1
3989,0.0540211,1
3990,0.0540217,1
3991,0.0540256,1
3992,0.054026,1
3993,0.0540284,1
3994,0.054018,1
3995,0.0540413,1
3996,0.0540214,1
3997,0.0540211,1
3998,0.0540229,1
3999,0.0540187,1
4000,0.0540179,1
4001,0.0540229,1
4002,0.0540227,1
4003,0.0540257,1
4004,0.054023,1
4005,0.0540259,1
4006,0.0540237,1
4007,0.0540176,1
4008,0.0540234,1
4009,0.0540228,1
4010,0.0540361,1
4011,0.0540135,1
4012,0.0540143,1
4013,0.0540258,1
4014,0.0540165,1
4015,0.0540147,1
4016,0.054017,1
4017,0.054013,1
4018,0.0540113,1
4019,0.0540443,1
4020,0.0540186,1
4021,0.0540152,1
4022,0.0540145,1
4023,0.0540193,1
4024,0.0540246,1
4025,0.0540179,1
4026,0.0540122,1
4027,0.0540158,1
4028,0.0540096,1
4029,0.0540207,1
4030,0.0540234,1
4031,0.0540196,1
4032,0.0540099,1
4033,0.0540094,1
4034,0.0540165,1
4035,0.0540117,1
4036,0.0540254,1
4037,0.0540109,1
4038,0.054006,1
4039,0.0540106,1
4040,0.0540102,1
4041,0.0540059,1
4042,0.0540172,1
4043,0.0540082,1
4044,0.054014,1
4045,0.0540106,1
4046,0.0540076,1
4047,0.054012,1
4048,0.0540129,1
4049,0.0540193,1
4050,0.0540058,1
4051,0.0540311,1
4052,0.0540123,1
4053,0.0540012,1
4054,0.0540065,1
4055,0.0540029,1
4056,0.0540049,1
4057,0.0540064,1
4058,0.054006,1
4059,0.0540038,1
4060,0.0540366,1
4061,0.0540198,1
4062,0.0540134,1
4063,0.0540059,1
4064,0.0540102,1
4065,0.0540098,1
4066,0.0540035,1
4067,0.0540079,1
4068,0.0540075,1
4069,0.0540027,1
4070,0.0540059,1
4071,0.0540087,1
4072,0.0540067,1
4073,0.0540068,1
4074,0.0540085,1
4075,0.0540027,1
4076,0.0540037,1
4077,0.0540395,1
4078,0.0540256,1
4079,0.0539972,1
4080,0.0540004,1
4081,0.054003,1
4082,0.0540033,1
4083,0.0540061,1
4084,0.0540059,1
4085,0.0540115,1
4086,0.0540023,1
4087,0.054013,1
4088,0.0540028,1
4089,0.0540044,1
4090,0.0540076,1
4091,0.0540001,1
4092,0.0540145,1
4093,0.0539952,1
4094,0.0539963,1
4095,0.054001,1
4096,0.0539963,1
4097,0.0540001,1
4098,0.0540057,1
4099,0.0540118,1
4100,0.0540183,1
4101,0.0540023,1
4102,0.0540065,1
4103,0.0540057,1
4104,0.0539971,1
4105,0.0539979,1
4106,0.0539974,1
4107,0.0540042,1
4108,0.0539989,1
4109,0.0539983,1
4110,0.0539936,1
4111,0.0540006,1
4112,0.0539994,1
4113,0.0540063,1
4114,0.0540019,1
4115,0.0540036,1
4116,0.0539974,1
4117,0.0539925,1
4118,0.053995,1
4119,0.0539982,1
4120,0.0540014,1
4121,0.0540125,1
4122,0.0539964,1
4123,0.0539972,1
4124,0.0539975,1
4125,0.0539943,1
4126,0.0539967,1
4127,0.0539943,1
4128,0.0539973,1
4129,0.0540107,1
4130,0.0539965,1
4131,0.0539963,1
4132,0.0539958,1
4133,0.0539978,1
4134,0.0539968,1
4135,0.0539949,1
4136,0.0540062,1
4137,0.0540031,1
4138,0.0539949,1
4139,0.0540014,1
4140,0.0540023,1
4141,0.0539994,1
4142,0.0539918,1
4143,0.0539946,1
4144,0.0540014,1
4145,0.0540145,1
4146,0.0539958,1
4147,0.0540091,1
4148,0.0540123,1
4149,0.0540045,1
4150,0.053998,1
4151,0.0539974,1
4152,0.0539945,1
4153,0.0539929,1
4154,0.0539924,1
4155,0.0539953,1
4156,0.0539958,1
4157,0.0539975,1
4158,0.0539965,1
4159,0.0540089,1
4160,0.0539954,1
4161,0.0539955,1
4162,0.0539987,1
4163,0.0539983,1
4164,0.0539973,1
4165,0.0539997,1
4166,0.0539998,1
4167,0.0540047,1
4168,0.0539946,1
4169,0.0539934,1
4170,0.0540154,1
4171,0.0539983,1
4172,0.0539917,1
4173,0.0540021,1
4174,0.0540036,1
4175,0.0539905,1
4176,0.0539984,1
4177,0.0540052,1
4178,0.0539918,1
4179,0.0540071,1
4180,0.0539952,1
4181,0.0539894,1
4182,0.0539964,1
4183,0.0539966,1
4184,0.0539944,1
4185,0.0539942,1
4186,0.0539947,1
4187,0.0539909,1
4188,0.0539982,1
4189,0.0539978,1
4190,0.0539953,1
4191,0.0540046,1
4192,0.0539999,1
4193,0.0539997,1
4194,0.0539976,1
4195,0.0539926,1
4196,0.0539964,1
4197,0.0540011,1
4198,0.0539995,1
4199,0.0539924,1
4200,0.0540024,1
4201,0.0539936,1
4202,0.0539994,1
4203,0.0539931,1
4204,0.0539954,1
4205,0.0539989,1
4206,0.0539995,1
4207,0.0539941,1
4208,0.0539955,1
4209,0.0540042,1
4210,0.0539955,1
4211,0.0539962,1
4212,0.0539912,1
4213,0.0540083,1
4214,0.0539904,1
4215,0.0539901,1
4216,0.0539956,1
4217,0.0539916,1
4218,0.0539997,1
4219,0.0539915,1
4220,0.0540184,1
4221,0.0539957,1
4222,0.0539898,1
4223,0.053995,1
4224,0.0539901,1
4225,0.0539962,1
4226,0.054001,1
4227,0.0539875,1
4228,0.0540001,1
4229,0.0539924,1
4230,0.0539947,1
4231,0.0539983,1
4232,0.0539897,1
4233,0.0539941,1
4234,0.0539955,1
4235,0.0540015,1
4236,0.0539915,1
4237,0.0539936,1
4238,0.0539963,1
4239,0.0540037,1
4240,0.0540067,1
4241,0.0539922,1
4242,0.054006,1
4243,0.0539956,1
4244,0.0539964,1
4245,0.0539907,1
4246,0.0539978,1
4247,0.0539961,1
4248,0.053994,1
4249,0.0540051,1
4250,0.0539977,1
4251,0.0540114,1
4252,0.0539945,1
4253,0.0539951,1
4254,0.0539951,1
4255,0.0539928,1
4256,0.0539991,1
4257,0.0539967,1
4258,0.0539904,1
4259,0.0540032,1
4260,0.0539968,1
4261,0.0539995,1
4262,0.0539914,1
4263,0.0539929,1
4264,0.0539892,1
4265,0.0539919,1
4266,0.0539976,1
4267,0.0539982,1
4268,0.0539942,1
4269,0.0539927,1
4270,0.0539883,1
4271,0.0540053,1
4272,0.0539927,1
4273,0.0539922,1
4274,0.0539949,1
4275,0.0539913,1
4276,0.0539898,1
4277,0.054012,1
4278,0.0540001,1
4279,0.0539945,1
4280,0.0539893,1
4281,0.0539973,1
4282,0.0539895,1
4283,0.0540001,1
4284,0.053998,1
4285,0.0539926,1
4286,0.0539978,1
4287,0.0539984,1
4288,0.0539988,1
4289,0.0539923,1
4290,0.0539968,1
4291,0.053989,1
4292,0.053991,1
4293,0.0539936,1
4294,0.053993,1
4295,0.0539961,1
4296,0.0540038,1
4297,0.054002,1
4298,0.0539965,1
4299,0.0539988,1
4300,0.0539915,1
4301,0.0540014,1
4302,0.054001,1
4303,0.0540015,1
4304,0.0539952,1
4305,0.0539947,1
4306,0.054004,1
4307,0.0539994,1
4308,0.054005,1
4309,0.0539999,1
4310,0.0539941,1
4311,0.0540061,1
4312,0.053997,1
4313,0.0539937,1
4314,0.0539993,1
4315,0.0539966,1
4316,0.0540135,1
4317,0.0539976,1
4318,0.054009,1
4319,0.054003,1
4320,0.0540002,1
4321,0.0539977,1
4322,0.0540007,1
4323,0.0539976,1
4324,0.0540033,1
4325,0.0539963,1
4326,0.0539945,1
4327,0.0539947,1
4328,0.0539916,1
4329,0.0539943,1
4330,0.0540034,1
4331,0.0539975,1
4332,0.0539953,1
4333,0.0539993,1
4334,0.0540042,1
4335,0.0540053,1
4336,0.0540062,1
4337,0.0539955,1
4338,0.053998,1
4339,0.0540036,1
4340,0.0539947,1
4341,0.0539947,1
4342,0.0539952,1
4343,0.053994,1
4344,0.0540003,1
4345,0.0539979,1
4346,0.0540028,1
4347,0.0539959,1
4348,0.0539936,1
4349,0.0539993,1
4350,0.0540009,1
4351,0.0539941,1
4352,0.053996,1
4353,0.0539994,1
4354,0.0539988,1
4355,0.0540061,1
4356,0.0539983,1
4357,0.054004,1
4358,0.0540034,1
4359,0.0540037,1
4360,0.0540024,1
4361,0.0539971,1
4362,0.0539993,1
4363,0.0540039,1
4364,0.0540004,1
4365,0.0539995,1
4366,0.0540008,1
4367,0.0540065,1
4368,0.0539957,1
4369,0.0539962,1
4370,0.0539933,1
4371,0.0540029,1
4372,0.0540042,1
4373,0.053998,1
4374,0.0539962,1
4375,0.0539967,1
4376,0.0540051,1
4377,0.053994,1
4378,0.0540087,1
4379,0.053995,1
4380,0.0539989,1
4381,0.0540007,1
4382,0.0540009,1
4383,0.0540107,1
4384,0.0539978,1
4385,0.0539996,1
4386,0.0539998,1
4387,0.0539978,1
4388,0.0539946,1
4389,0.0540084,1
4390,0.0539991,1
4391,0.0540049,1
4392,0.0540112,1
4393,0.0540008,1
4394,0.0540254,1
4395,0.0540029,1
4396,0.054002,1
4397,0.053999,1
4398,0.0539984,1
4399,0.0540024,1
4400,0.0539985,1
4401,0.0539997,1
4402,0.0539995,1
4403,0.0539959,1
4404,0.054003,1
4405,0.0539972,1
4406,0.0540131,1
4407,0.054009,1
4408,0.0539974,1
4409,0.0540024,1
4410,0.0540009,1
4411,0.0540041,1
4412,0.0540163,1
4413,0.0540121,1
4414,0.054019,1
4415,0.0540074,1
4416,0.0540032,1
4417,0.054016,1
4418,0.0540073,1
4419,0.0540001,1
4420,0.0540006,1
4421,0.0540011,1
4422,0.0540033,1
4423,0.0540065,1
4424,0.054006,1
4425,0.0540074,1
4426,0.0540006,1
4427,0.054001,1
4428,0.0540074,1
4429,0.0540059,1
4430,0.0540022,1
4431,0.054002,1
4432,0.0540098,1
4433,0.0540155,1
4434,0.0540025,1
4435,0.0540102,1
4436,0.0540036,1
4437,0.0540042,1
4438,0.0540034,1
4439,0.054017,1
4440,0.0540186,1
4441,0.0540081,1
4442,0.0540198,1
4443,0.0540109,1
4444,0.0540007,1
4445,0.0540044,1
4446,0.0540005,1
4447,0.0540053,1
4448,0.0540023,1
4449,0.0540192,1
4450,0.0540017,1
4451,0.0540024,1
4452,0.0540073,1
4453,0.0540014,1
4454,0.0540067,1
4455,0.0540125,1
4456,0.0540126,1
4457,0.0540218,1
4458,0.0540275,1
4459,0.0540186,1
4460,0.0540097,1
4461,0.0540188,1
4462,0.0540112,1
4463,0.0540079,1
4464,0.0540051,1
4465,0.0540033,1
4466,0.0540054,1
4467,0.0540059,1
4468,0.0540117,1
4469,0.0540172,1
4470,0.0540091,1
4471,0.0540081,1
4472,0.0540066,1
4473,0.0540142,1
4474,0.0540075,1
4475,0.05401,1
4476,0.0540031,1
4477,0.0540078,1
4478,0.0540091,1
4479,0.0540175,1
4480,0.0540065,1
4481,0.0540039,1
4482,0.0540109,1
4483,0.0540107,1
4484,0.0540135,1
4485,0.0540139,1
4486,0.0540169,1
4487,0.0540088,1
4488,0.0540074,1
4489,0.0540071,1
4490,0.05402,1
4491,0.0540118,1
4492,0.0540085,1
4493,0.0540195,1
4494,0.0540076,1
4495,0.0540076,1
4496,0.0540141,1
4497,0.0540149,1
4498,0.0540068,1
4499,0.0540107,1
4500,0.0540118,1
4501,0.0540164,1
4502,0.054011,1
4503,0.0540116,1
4504,0.0540179,1
4505,0.0540136,1
4506,0.0540186,1
4507,0.0540166,1
4508,0.0540095,1
4509,0.0540109,1
4510,0.0540203,1
4511,0.0540203,1
4512,0.0540102,1
4513,0.0540145,1
4514,0.0540099,1
4515,0.0540153,1
4516,0.0540154,1
4517,0.0540122,1
4518,0.0540118,1
4519,0.0540172,1
4520,0.0540135,1
4521,0.0540108,1
4522,0.0540137,1
4523,0.0540085,1
4524,0.0540149,1
4525,0.0540163,1
4526,0.0540157,1
4527,0.0540157,1
4528,0.0540134,1
4529,0.0540223,1
4530,0.054024,1
4531,0.0540101,1
4532,0.0540133,1
4533,0.0540112,1
4534,0.054016,1
4535,0.0540265,1
4536,0.0540178,1
4537,0.0540221,1
4538,0.054017,1
4539,0.0540117,1
4540,0.0540167,1
4541,0.0540108,1
4542,0.0540194,1
4543,0.0540116,1
4544,0.0540147,1
4545,0.054015,1
4546,0.0540182,1
4547,0.0540204,1
4548,0.054016,1
4549,0.0540241,1
4550,0.0540143,1
4551,0.0540191,1
4552,0.0540174,1
4553,0.0540184,1
4554,0.0540285,1
4555,0.0540117,1
4556,0.0540199,1
4557,0.0540108,1
4558,0.0540156,1
4559,0.0540171,1
4560,0.0540257,1
4561,0.0540252,1
4562,0.0540283,1
4563,0.0540158,1
4564,0.0540141,1
4565,0.054015,1
4566,0.0540189,1
4567,0.0540164,1
4568,0.0540159,1
4569,0.0540318,1
4570,0.0540213,1
4571,0.054023,1
4572,0.0540203,1
4573,0.0540194,1
4574,0.0540198,1
4575,0.0540244,1
4576,0.0540239,1
4577,0.0540377,1
4578,0.0540158,1
4579,0.0540228,1
4580,0.0540339,1
4581,0.0540298,1
4582,0.0540225,1
4583,0.0540147,1
4584,0.0540207,1
4585,0.0540253,1
4586,0.0540278,1
4587,0.0540196,1
4588,0.0540319,1
4589,0.0540213,1
4590,0.0540283,1
4591,0.0540272,1
4592,0.0540523,1
4593,0.0540224,1
4594,0.0540199,1
4595,0.0540222,1
4596,0.054021,1
4597,0.0540164,1
4598,0.0540351,1
4599,0.0540266,1
4600,0.0540249,1
4601,0.0540252,1
4602,0.0540447,1
4603,0.0540209,1
4604,0.054022,1
4605,0.0540208,1
4606,0.0540263,1
4607,0.0540241,1
4608,0.0540281,1
4609,0.0540245,1
4610,0.0540316,1
4611,0.0540263,1
4612,0.0540214,1
4613,0.0540228,1
4614,0.0540278,1
4615,0.054027,1
4616,0.0540227,1
4617,0.0540211,1
4618,0.0540275,1
4619,0.0540363,1
4620,0.054023,1
4621,0.054037,1
4622,0.0540222,1
4623,0.054022,1
4624,0.0540254,1
4625,0.0540211,1
4626,0.0540329,1
4627,0.0540244,1
4628,0.0540257,1
4629,0.0540254,1
4630,0.0540339,1
4631,0.0540206,1
4632,0.0540277,1
4633,0.054031,1
4634,0.0540233,1
4635,0.0540251,1
4636,0.0540264,1
4637,0.0540303,1
4638,0.0540301,1
4639,0.0540282,1
4640,0.0540319,1
4641,0.0540237,1
4642,0.054025,1
4643,0.0540295,1
4644,0.054026,1
4645,0.0540297,1
4646,0.0540292,1
4647,0.0540261,1
4648,0.0540298,1
4649,0.0540285,1
4650,0.0540449,1
4651,0.0540366,1
4652,0.0540324,1
4653,0.0540353,1
4654,0.0540275,1
4655,0.0540254,1
4656,0.0540233,1
4657,0.054029,1
4658,0.054026,1
4659,0.05403,1
4660,0.05403,1
4661,0.054038,1
4662,0.054029,1
4663,0.0540319,1
4664,0.0540337,1
4665,0.0540617,1
4666,0.0540335,1
4667,0.0540458,1
4668,0.0540273,1
4669,0.0540283,1
4670,0.0540325,1
4671,0.0540379,1
4672,0.0540345,1
4673,0.054028,1
4674,0.0540322,1
4675,0.0540282,1
4676,0.054028,1
4677,0.0540297,1
4678,0.0540301,1
4679,0.05403,1
4680,0.054028,1
4681,0.0540347,1
4682,0.0540283,1
4683,0.0540299,1
4684,0.0540342,1
4685,0.0540367,1
4686,0.054034,1
4687,0.0540333,1
4688,0.0540343,1
4689,0.0540373,1
4690,0.0540397,1
4691,0.054034,1
4692,0.0540361,1
4693,0.0540327,1
4694,0.0540433,1
4695,0.0540311,1
4696,0.0540313,1
4697,0.0540308,1
4698,0.0540278,1
4699,0.0540445,1
4700,0.054036,1
4701,0.0540318,1
4702,0.0540382,1
4703,0.0540335,1
4704,0.0540354,1
4705,0.0540426,1
4706,0.0540409,1
4707,0.054042,1
4708,0.0540376,1
4709,0.0540326,1
4710,0.0540356,1
4711,0.0540366,1
4712,0.0540413,1
4713,0.0540343,1
4714,0.0540377,1
4715,0.0540308,1
4716,0.0540325,1
4717,0.054048,1
4718,0.0540318,1
4719,0.0540319,1
4720,0.0540364,1
4721,0.0540328,1
4722,0.0540457,1
4723,0.0540566,1
4724,0.0540505,1
4725,0.0540327,1
4726,0.0540356,1
4727,0.0540438,1
4728,0.0540336,1
4729,0.0540381,1
4730,0.0540412,1
4731,0.0540504,1
4732,0.0540388,1
4733,0.0540369,1
4734,0.0540436,1
4735,0.0540334,1
4736,0.0540344,1
4737,0.0540414,1
4738,0.0540465,1
4739,0.0540615,1
4740,0.0540437,1
4741,0.0540444,1
4742,0.0540392,1
4743,0.0540361,1
4744,0.0540366,1
4745,0.0540503,1
4746,0.0540337,1
4747,0.0540399,1
4748,0.054035,1
4749,0.0540437,1
4750,0.0540384,1
4751,0.0540357,1
4752,0.0540405,1
4753,0.0540437,1
4754,0.0540392,1
4755,0.0540382,1
4756,0.0540382,1
4757,0.0540478,1
4758,0.0540429,1
4759,0.0540438,1
4760,0.0540433,1
4761,0.0540394,1
4762,0.0540466,1
4763,0.0540446,1
4764,0.0540418,1
4765,0.0540444,1
4766,0.0540496,1
4767,0.0540392,1
4768,0.0540381,1
4769,0.0540533,1
4770,0.0540404,1
4771,0.0540438,1
4772,0.05404,1
4773,0.054041,1
4774,0.0540432,1
4775,0.0540385,1
4776,0.0540443,1
4777,0.0540461,1
4778,0.054048,1
4779,0.054044,1
4780,0.0540459,1
4781,0.0540482,1
4782,0.0540508,1
4783,0.0540391,1
4784,0.0540528,1
4785,0.0540544,1
4786,0.0540511,1
4787,0.0540569,1
4788,0.0540491,1
4789,0.0540626,1
4790,0.0540434,1
4791,0.0540452,1
4792,0.0540539,1
4793,0.0540419,1
4794,0.0540465,1
4795,0.0540525,1
4796,0.0540417,1
4797,0.0540488,1
4798,0.0540432,1
4799,0.0540576,1
4800,0.0540428,1
4801,0.0540439,1
4802,0.0540505,1
4803,0.0540563,1
4804,0.0540435,1
4805,0.054048,1
4806,0.054048,1
4807,0.0540496,1
4808,0.0540504,1
4809,0.0540508,1
4810,0.054047,1
4811,0.0540415,1
4812,0.0540463,1
4813,0.0540442,1
4814,0.0540498,1
4815,0.0540431,1
4816,0.0540478,1
4817,0.0540458,1
4818,0.054046,1
4819,0.0540487,1
4820,0.0540475,1
4821,0.0540429,1
4822,0.0540467,1
4823,0.0540485,1
4824,0.0540495,1
4825,0.0540464,1
4826,0.0540459,1
4827,0.0540488,1
4828,0.0540477,1
4829,0.0540455,1
4830,0.0540502,1
4831,0.0540448,1
4832,0.0540471,1
4833,0.054049,1
4834,0.0540578,1
4835,0.0540549,1
4836,0.0540493,1
4837,0.0540477,1
4838,0.0540491,1
4839,0.0540557,1
4840,0.0540484,1
4841,0.0540558,1
4842,0.0540513,1
4843,0.0540473,1
4844,0.0540506,1
4845,0.0540503,1
4846,0.0540464,1
4847,0.0540639,1
4848,0.0540484,1
4849,0.0540691,1
4850,0.0540497,1
4851,0.0540495,1
4852,0.0540502,1
4853,0.0540501,1
4854,0.0540526,1
4855,0.0540587,1
4856,0.0540623,1
4857,0.0540602,1
4858,0.0540499,1
4859,0.0540533,1
4860,0.0540521,1
4861,0.0540514,1
4862,0.0540546,1
4863,0.054051,1
4864,0.0540519,1
4865,0.0540584,1
4866,0.0540589,1
4867,0.0540599,1
4868,0.0540547,1
4869,0.0540528,1
4870,0.0540535,1
4871,0.0540576,1
4872,0.0540578,1
4873,0.0540506,1
4874,0.0540545,1
4875,0.0540552,1
4876,0.0540533,1
4877,0.0540531,1
4878,0.0540517,1
4879,0.0540613,1
4880,0.0540532,1
4881,0.0540514,1
4882,0.0540678,1
4883,0.0540569,1
4884,0.0540551,1
4885,0.0540532,1
4886,0.0540596,1
4887,0.054056,1
4888,0.0540572,1
4889,0.0540557,1
4890,0.0540563,1
4891,0.0540653,1
4892,0.0540655,1
4893,0.0540608,1
4894,0.0540591,1
4895,0.0540579,1
4896,0.0540676,1
4897,0.0540537,1
4898,0.0540625,1
4899,0.0540553,1
4900,0.0540562,1
4901,0.054056,1
4902,0.0540572,1
4903,0.0540524,1
4904,0.054058,1
4905,0.0540599,1
4906,0.0540634,1
4907,0.0540613,1
4908,0.0540606,1
4909,0.0540565,1
4910,0.0540567,1
4911,0.054058,1
4912,0.0540624,1
4913,0.0540558,1
4914,0.0540757,1
4915,0.0540664,1
4916,0.0540663,1
4917,0.0540605,1
4918,0.0540567,1
4919,0.0540636,1
4920,0.0540576,1
4921,0.054057,1
4922,0.0540625,1
4923,0.0540715,1
4924,0.0540589,1
4925,0.0540569,1
4926,0.0540589,1
4927,0.0540582,1
4928,0.054059,1
4929,0.0540584,1
4930,0.0540664,1
4931,0.0540726,1
4932,0.0540581,1
4933,0.0540602,1
4934,0.0540739,1
4935,0.0540629,1
4936,0.0540579,1
4937,0.0540615,1
4938,0.0540581,1
4939,0.0540623,1
4940,0.0540612,1
4941,0.0540619,1
4942,0.0540612,1
4943,0.0540639,1
4944,0.054063,1
4945,0.054063,1
4946,0.0540614,1
4947,0.0540622,1
4948,0.0540613,1
4949,0.0540758,1
4950,0.0540631,1
4951,0.0540698,1
4952,0.0540788,1
4953,0.0540697,1
4954,0.0540597,1
4955,0.0540703,1
4956,0.0540616,1
4957,0.0540695,1
4958,0.0540677,1
4959,0.0540631,1
4960,0.0540631,1
4961,0.05406,1
4962,0.0540727,1
4963,0.0540644,1
4964,0.0540635,1
4965,0.0540689,1
4966,0.0540692,1
4967,0.054064,1
4968,0.0540701,1
4969,0.0540627,1
4970,0.0540598,1
4971,0.0540676,1
4972,0.0540618,1
4973,0.0540619,1
4974,0.0540655,1
4975,0.0540711,1
4976,0.054071,1
4977,0.0540771,1
4978,0.0540671,1
4979,0.0540629,1
4980,0.0540639,1
4981,0.0540733,1
4982,0.0540745,1
4983,0.0540672,1
4984,0.0540668,1
4985,0.0540626,1
4986,0.0540654,1
4987,0.0540697,1
4988,0.0540657,1
4989,0.0540696,1
4990,0.0540719,1
4991,0.0540661,1
4992,0.054067,1
4993,0.0540746,1
4994,0.0540635,1
4995,0.0540643,1
4996,0.0540628,1
4997,0.0540666,1
4998,0.0540669,1
4999,0.0540697,1
